dataset,config_name,k,itr,nb,nd,heap_factor,mqt,msb,md,Recall@30,Avg_Time_Per_Query_ms,Search_Time_s,Total_Time_s,Clustering_Time_s,Indexing_Time_s,Avg_Blocks_Entered,Avg_Docs_Examined
benchmark-dev-fiqa-small,op-1,1800,3,500,400,0.05,0,100,100000,1,1.04167,0.625,4.39,2.969,0.796,3369.26,1411.21
benchmark-dev-fiqa-small,op-1,1800,3,500,400,0.05,50,100,100000,1,0.91,0.546,4.311,2.969,0.796,3263.74,1401.98
benchmark-dev-fiqa-small,op-1,1800,3,500,400,0.05,150,100,100000,1,0.906667,0.544,4.309,2.969,0.796,3369.26,1411.21
benchmark-dev-fiqa-small,op-1,1800,3,500,400,0.05,200,100,100000,1,0.89,0.534,4.299,2.969,0.796,3369.26,1411.21
benchmark-dev-fiqa-small,op-2,2000,3,500,400,0.05,0,100,100000,1,1.07167,0.643,8,6.494,0.863,3369.2,1359.32
benchmark-dev-fiqa-small,op-2,2000,3,500,400,0.05,50,100,100000,1,0.968333,0.581,7.938,6.494,0.863,3263.52,1349.53
benchmark-dev-fiqa-small,op-2,2000,3,500,400,0.05,150,100,100000,1,0.955,0.573,7.93,6.494,0.863,3369.2,1359.32
benchmark-dev-fiqa-small,op-2,2000,3,500,400,0.05,200,100,100000,1,1.03,0.618,7.975,6.494,0.863,3369.2,1359.32
benchmark-dev-fiqa-small,op-4,1800,3,500,75,0.05,0,100,100000,1,-3.49,-2.094,5.564,6.682,0.976,3369.37,1412.73
benchmark-dev-fiqa-small,op-4,1800,3,500,75,0.05,50,100,100000,1,0.933333,0.56,8.218,6.682,0.976,3263.83,1403.43
benchmark-dev-fiqa-small,op-4,1800,3,500,75,0.05,150,100,100000,1,1,0.6,8.258,6.682,0.976,3369.37,1412.73
benchmark-dev-fiqa-small,op-4,1800,3,500,75,0.05,200,100,100000,1,1.06667,0.64,8.298,6.682,0.976,3369.37,1412.73
benchmark-dev-fiqa-small,op-5,2000,3,500,75,0.05,0,100,100000,1,1.16,0.696,8.941,7.16,1.085,3368.91,1357.74
benchmark-dev-fiqa-small,op-5,2000,3,500,75,0.05,50,100,100000,1,1.06167,0.637,8.882,7.16,1.085,3263.21,1347.95
benchmark-dev-fiqa-small,op-5,2000,3,500,75,0.05,150,100,100000,1,1.00167,0.601,8.846,7.16,1.085,3368.91,1357.74
benchmark-dev-fiqa-small,op-5,2000,3,500,75,0.05,200,100,100000,1,0.988333,0.593,8.838,7.16,1.085,3368.91,1357.74
fiqa-dev,op-1,1800,3,500,400,0.05,0,100,100000,0.99818,14.9117,99.133,225.989,114.897,11.959,3792.33,32790
fiqa-dev,op-1,1800,3,500,400,0.05,50,100,100000,0.998155,14.6817,97.604,224.46,114.897,11.959,3671.7,32509.5
fiqa-dev,op-1,1800,3,500,400,0.05,150,100,100000,0.99818,15.3828,102.265,229.121,114.897,11.959,3792.03,32789.8
fiqa-dev,op-1,1800,3,500,400,0.05,200,100,100000,0.99818,14.8876,98.973,225.829,114.897,11.959,3792.33,32790
fiqa-dev,op-2,2000,3,500,400,0.05,0,100,100000,0.998015,14.5256,96.566,244.268,135.815,11.887,3791.92,31620.5
fiqa-dev,op-2,2000,3,500,400,0.05,50,100,100000,0.997995,14.6686,97.517,245.219,135.815,11.887,3671.3,31338.2
fiqa-dev,op-2,2000,3,500,400,0.05,150,100,100000,0.998015,14.4458,96.036,243.738,135.815,11.887,3791.62,31620.3
fiqa-dev,op-2,2000,3,500,400,0.05,200,100,100000,0.998015,14.4702,96.198,243.9,135.815,11.887,3791.92,31620.5
fiqa-dev,op-3,3000,3,500,400,0.05,0,100,100000,0.995186,13.2098,87.819,319.266,218.516,12.931,3791.06,26941.3
fiqa-dev,op-3,3000,3,500,400,0.05,50,100,100000,0.995101,12.8834,85.649,317.096,218.516,12.931,3670.43,26642.6
fiqa-dev,op-3,3000,3,500,400,0.05,150,100,100000,0.995186,12.6581,84.151,315.598,218.516,12.931,3790.76,26941.1
fiqa-dev,op-3,3000,3,500,400,0.05,200,100,100000,0.995186,13.1026,87.106,318.553,218.516,12.931,3791.06,26941.3
fiqa-dev,op-4,1800,3,500,75,0.05,0,100,100000,0.998346,16.0973,107.015,232.871,114.446,11.41,3792.09,32088.3
fiqa-dev,op-4,1800,3,500,75,0.05,50,100,100000,0.998296,18.2893,121.587,247.443,114.446,11.41,3671.47,31799.6
fiqa-dev,op-4,1800,3,500,75,0.05,150,100,100000,0.998346,21.4116,142.344,268.2,114.446,11.41,3791.78,32088.1
fiqa-dev,op-4,1800,3,500,75,0.05,200,100,100000,0.998346,20.6101,137.016,262.872,114.446,11.41,3792.09,32088.3
fiqa-dev,op-5,2000,3,500,75,0.05,0,100,100000,0.997819,25.2756,168.032,476.105,287.698,20.375,3792.13,31088.7
fiqa-dev,op-5,2000,3,500,75,0.05,50,100,100000,0.997754,23.5024,156.244,464.317,287.698,20.375,3671.5,30798.2
fiqa-dev,op-5,2000,3,500,75,0.05,150,100,100000,0.997819,26.4004,175.51,483.583,287.698,20.375,3791.83,31088.5
fiqa-dev,op-5,2000,3,500,75,0.05,200,100,100000,0.997819,25.2498,167.861,475.934,287.698,20.375,3792.13,31088.7
nq-eval,op-1,1800,3,500,400,0.05,0,100,100000,0.914643,54.5869,188.434,7132.36,6617.32,326.598,768.79,99990.9
nq-eval,op-1,1800,3,500,400,0.05,50,100,100000,0.914643,52.6619,181.789,7125.71,6617.32,326.598,768.79,99990.9
nq-eval,op-1,1800,3,500,400,0.05,150,100,100000,0.914643,52.7906,182.233,7126.16,6617.32,326.598,768.79,99990.9
nq-eval,op-1,1800,3,500,400,0.05,200,100,100000,0.914643,54.0716,186.655,7130.58,6617.32,326.598,768.79,99990.9
nq-eval,op-2,2000,3,500,400,0.05,0,100,100000,0.91054,51.0747,176.31,5306.34,4820.16,309.875,792.277,99989.9
nq-eval,op-2,2000,3,500,400,0.05,50,100,100000,0.91054,50.648,174.837,5304.87,4820.16,309.875,792.277,99989.9
nq-eval,op-2,2000,3,500,400,0.05,150,100,100000,0.91054,50.6144,174.721,5304.75,4820.16,309.875,792.277,99989.9
nq-eval,op-2,2000,3,500,400,0.05,200,100,100000,0.91054,49.8192,171.976,5302.01,4820.16,309.875,792.277,99989.9
nq-eval,op-3,3000,3,500,400,0.05,0,100,100000,0.902681,50.2581,173.491,8697.98,8195.8,328.681,887.148,99981.7
nq-eval,op-3,3000,3,500,400,0.05,50,100,100000,0.902681,49.675,171.478,8695.96,8195.8,328.681,887.148,99981.7
nq-eval,op-3,3000,3,500,400,0.05,150,100,100000,0.902681,49.6338,171.336,8695.82,8195.8,328.681,887.148,99981.7
nq-eval,op-3,3000,3,500,400,0.05,200,100,100000,0.902681,48.8494,168.628,8693.11,8195.8,328.681,887.148,99981.7
nq-eval,op-4,1800,3,500,75,0.05,0,100,100000,0.895825,53.4629,184.554,4604.47,4127.16,292.755,1991.35,97104.2
nq-eval,op-4,1800,3,500,75,0.05,50,100,100000,0.895825,52.8879,182.569,4602.49,4127.16,292.755,1991.35,97104.2
nq-eval,op-4,1800,3,500,75,0.05,150,100,100000,0.895825,52.0936,179.827,4599.74,4127.16,292.755,1991.35,97104.2
nq-eval,op-4,1800,3,500,75,0.05,200,100,100000,0.895825,52.0895,179.813,4599.73,4127.16,292.755,1991.35,97104.2
nq-eval,op-5,2000,3,500,75,0.05,0,100,100000,0.889702,58.321,201.324,5342.54,4853.95,287.259,2019.88,96759.7
nq-eval,op-5,2000,3,500,75,0.05,50,100,100000,0.889702,57.0716,197.011,5338.22,4853.95,287.259,2019.88,96759.7
nq-eval,op-5,2000,3,500,75,0.05,150,100,100000,0.889702,57.0924,197.083,5338.3,4853.95,287.259,2019.88,96759.7
nq-eval,op-5,2000,3,500,75,0.05,200,100,100000,0.889702,57.0739,197.019,5338.23,4853.95,287.259,2019.88,96759.7
nq,op-1,1800,3,500,400,0.05,0,100,100000,0.908926,54.022,186.484,4921.35,4351.78,383.076,753.639,99995.1
nq,op-1,1800,3,500,400,0.05,50,100,100000,0.908926,53.1127,183.345,4918.21,4351.78,383.076,753.639,99995.1
nq,op-1,1800,3,500,400,0.05,150,100,100000,0.908926,52.8725,182.516,4917.38,4351.78,383.076,753.639,99995.1
nq,op-1,1800,3,500,400,0.05,200,100,100000,0.908926,52.854,182.452,4917.31,4351.78,383.076,753.639,99995.1
nq,op-2,2000,3,500,400,0.05,0,100,100000,0.904833,55.3094,190.928,5655.24,5133,331.311,770.309,99994.3
nq,op-2,2000,3,500,400,0.05,50,100,100000,0.904833,54.5718,188.382,5652.69,5133,331.311,770.309,99994.3
nq,op-2,2000,3,500,400,0.05,150,100,100000,0.904833,54.3271,187.537,5651.85,5133,331.311,770.309,99994.3
nq,op-2,2000,3,500,400,0.05,200,100,100000,0.904833,54.3294,187.545,5651.85,5133,331.311,770.309,99994.3
nq,op-3,3000,3,500,400,0.05,0,100,100000,0.894848,53.3082,184.02,8793.32,8266.73,342.573,867.149,99977.8
nq,op-3,3000,3,500,400,0.05,50,100,100000,0.894848,52.0003,179.505,8788.81,8266.73,342.573,867.149,99977.8
nq,op-3,3000,3,500,400,0.05,150,100,100000,0.894848,51.9232,179.239,8788.54,8266.73,342.573,867.149,99977.8
nq,op-3,3000,3,500,400,0.05,200,100,100000,0.894848,51.949,179.328,8788.63,8266.73,342.573,867.149,99977.8
nq,op-4,1800,3,500,75,0.05,0,100,100000,0.889392,62.6634,216.314,6530.89,5710.21,604.36,1982.35,97306.8
nq,op-4,1800,3,500,75,0.05,50,100,100000,0.889392,59.0649,203.892,6518.47,5710.21,604.36,1982.35,97306.8
nq,op-4,1800,3,500,75,0.05,150,100,100000,0.889392,56.688,195.687,6510.26,5710.21,604.36,1982.35,97306.8
nq,op-4,1800,3,500,75,0.05,200,100,100000,0.889392,55.071,190.105,6504.68,5710.21,604.36,1982.35,97306.8
nq,op-5,2000,3,500,75,0.05,0,100,100000,0.882712,54.0226,186.486,5457.95,4963.79,307.673,2006.35,96992.2
nq,op-5,2000,3,500,75,0.05,50,100,100000,0.882712,52.8818,182.548,5454.01,4963.79,307.673,2006.35,96992.2
nq,op-5,2000,3,500,75,0.05,150,100,100000,0.882712,52.7981,182.259,5453.72,4963.79,307.673,2006.35,96992.2
nq,op-5,2000,3,500,75,0.05,200,100,100000,0.882712,52.8386,182.399,5453.86,4963.79,307.673,2006.35,96992.2
