k,itr,nb,nd,heap_factor,mqt,msb,md,Avg_Cluster_Size,Median_Cluster_Size,Avg_Cluster_Similarity,Avg_Blocks_Entered,Avg_Blocks_Skipped,Avg_Docs_Examined,Avg_Docs_Popped,Clustering_Time_s,Indexing_Time_s,Recall@30,Avg_Time_Per_Query_ms,Search_Time_s,Total_Time_s
1500,3,500,500,0.05,0,90,100000,1787.65,1648,4.91185,630.152,0.0,99996.1,162.468,3320.8,254.989,0.902274,50.6243,174.755,3750.55
1500,3,500,500,0.05,200,100,100000,1787.65,1629,4.91164,644.452,0.0,99999.2,159.842,3342.42,248.12,0.910771,50.6892,174.979,3765.52
1500,3,500,500,0.05,50,100,100000,1787.65,1629,4.91164,644.452,0.0,99999.2,159.842,3342.42,248.12,0.910771,50.6941,174.996,3765.54
1500,3,500,500,0.05,20,150,100000,1787.65,1632,4.91763,697.307,0.0,100000.0,159.963,3337.57,270.683,0.922523,50.816,175.417,3783.67
1500,3,500,500,0.05,40,150,100000,1787.65,1632,4.91763,697.307,0.0,100000.0,159.963,3337.57,270.683,0.922523,50.8357,175.485,3783.74
1500,3,500,500,0.05,150,150,100000,1787.65,1632,4.91763,697.307,0.0,100000.0,159.963,3337.57,270.683,0.922523,50.8479,175.527,3783.78
1500,3,500,500,0.05,90,150,100000,1787.65,1632,4.91763,697.307,0.0,100000.0,159.963,3337.57,270.683,0.922523,50.863,175.579,3783.84
1500,3,500,500,0.05,0,150,100000,1787.65,1629,4.91164,699.167,0.0,100000.0,159.811,3342.42,248.12,0.920263,50.8653,175.587,3766.13
1500,3,500,500,0.05,150,150,100000,1787.65,1629,4.91164,699.167,0.0,100000.0,159.811,3342.42,248.12,0.920263,50.8659,175.589,3766.13
1500,3,500,500,0.05,70,150,100000,1787.65,1632,4.91763,697.307,0.0,100000.0,159.963,3337.57,270.683,0.922523,50.8792,175.635,3783.89
1500,3,500,500,0.05,0,150,100000,1787.65,1632,4.91763,697.307,0.0,100000.0,159.963,3337.57,270.683,0.922523,50.8902,175.673,3783.93
1500,3,500,500,0.05,100,150,100000,1787.65,1629,4.91164,699.167,0.0,100000.0,159.811,3342.42,248.12,0.920263,50.9047,175.723,3766.26
1500,3,500,500,0.05,0,150,100000,1787.65,1648,4.91185,700.082,0.0,100000.0,162.546,3320.8,254.989,0.92008,50.9209,175.779,3751.57
1500,3,500,500,0.05,800,150,100000,1787.65,1632,4.91763,697.307,0.0,100000.0,159.963,3337.57,270.683,0.922523,50.9432,175.856,3784.11
1500,3,500,500,0.05,300,150,100000,1787.65,1632,4.91763,697.307,0.0,100000.0,159.963,3337.57,270.683,0.922523,50.9861,176.004,3784.26
1500,3,500,500,0.05,0,100,100000,1787.65,1648,4.91185,643.292,0.0,99998.5,162.59,3320.8,254.989,0.908058,51.2587,176.945,3752.74
1500,3,500,500,0.05,10,150,100000,1787.65,1632,4.91763,696.792,0.0,99950.3,159.962,3337.57,270.683,0.922514,51.2674,176.975,3785.23
1500,3,500,500,0.05,0,100,100000,1787.65,1629,4.91164,644.452,0.0,99999.2,159.842,3342.42,248.12,0.910771,51.281,177.022,3767.56
1500,3,500,500,0.05,150,100,100000,1787.65,1629,4.91164,644.452,0.0,99999.2,159.842,3342.42,248.12,0.910771,51.2911,177.057,3767.6
1500,3,500,500,0.05,100,100,100000,1787.65,1629,4.91164,644.452,0.0,99999.2,159.842,3342.42,248.12,0.910771,51.3094,177.12,3767.66
1500,3,500,500,0.05,30,150,100000,1787.65,1632,4.91763,697.307,0.0,100000.0,159.963,3337.57,270.683,0.922523,51.3549,177.277,3785.53
1500,3,500,500,0.05,0,150,100000,1787.65,1643,4.91057,698.266,0.0,100000.0,159.559,3302.42,270.815,0.923053,51.3604,177.296,3750.53
1500,3,500,500,0.05,100,150,100000,1787.65,1632,4.91763,697.307,0.0,100000.0,159.963,3337.57,270.683,0.922523,51.4151,177.485,3785.74
1500,3,500,500,0.05,80,150,100000,1787.65,1632,4.91763,697.307,0.0,100000.0,159.963,3337.57,270.683,0.922523,51.4371,177.561,3785.82
1500,3,500,500,0.05,1200,150,100000,1787.65,1632,4.91763,697.307,0.0,100000.0,159.963,3337.57,270.683,0.922523,51.4444,177.586,3785.84
1500,3,500,500,0.05,500,150,100000,1787.65,1632,4.91763,697.307,0.0,100000.0,159.963,3337.57,270.683,0.922523,51.4537,177.618,3785.87
1500,3,500,500,0.05,200,150,100000,1787.65,1629,4.91164,699.167,0.0,100000.0,159.811,3342.42,248.12,0.920263,51.4615,177.645,3768.19
1500,3,500,500,0.05,60,150,100000,1787.65,1632,4.91763,697.307,0.0,100000.0,159.963,3337.57,270.683,0.922523,51.471,177.678,3785.93
1500,3,500,500,0.05,50,150,100000,1787.65,1629,4.91164,699.167,0.0,100000.0,159.811,3342.42,248.12,0.920263,51.4789,177.705,3768.25
1500,3,500,500,0.05,200,150,100000,1787.65,1632,4.91763,697.307,0.0,100000.0,159.963,3337.57,270.683,0.922523,51.5249,177.864,3786.12
1500,3,500,500,0.05,50,150,100000,1787.65,1632,4.91763,697.307,0.0,100000.0,159.963,3337.57,270.683,0.922523,51.5461,177.937,3786.19
1500,3,500,500,0.05,0,150,100000,1787.65,1591,4.92041,693.793,0.0,100000.0,162.441,3253.51,289.637,0.920457,53.2714,183.893,3727.04
1500,3,500,500,0.05,0,150,125000,1787.65,1643,4.91057,856.973,0.0,125000.0,160.528,3302.42,270.815,0.944162,63.9676,220.816,3794.05
1500,3,500,500,0.05,0,70,150000,1787.65,1648,4.91185,862.105,0.000289687,149667.0,163.305,3320.8,254.989,0.914296,75.8902,261.973,3837.76
1500,3,500,500,0.05,0,80,150000,1787.65,1648,4.91185,886.46,0.0,149840.0,163.383,3320.8,254.989,0.922368,76.1069,262.721,3838.51
1500,3,500,500,0.05,0,60,150000,1787.65,1648,4.91185,836.296,0.000289687,149332.0,163.236,3320.8,254.989,0.902448,76.1225,262.775,3838.57
1500,3,500,500,0.05,0,90,150000,1787.65,1648,4.91185,910.026,0.0,149918.0,163.636,3320.8,254.989,0.930103,76.2268,263.135,3838.93
1500,3,500,500,0.05,0,100,150000,1787.65,1648,4.91185,929.387,0.0,149953.0,163.72,3320.8,254.989,0.935423,76.3021,263.395,3839.19
1500,3,500,500,0.05,100,100,150000,1787.65,1629,4.91164,931.07,0.000289687,149954.0,160.971,3342.42,248.12,0.93858,76.3244,263.472,3854.01
1500,3,500,500,0.05,0,100,150000,1787.65,1629,4.91164,931.07,0.000289687,149954.0,160.971,3342.42,248.12,0.93858,76.3329,263.501,3854.04
1500,3,500,500,0.05,10,150,150000,1787.65,1632,4.91763,997.84,0.0,148467.0,161.483,3337.57,270.683,0.957333,76.5353,264.2,3872.46
1500,3,500,500,0.05,200,100,150000,1787.65,1629,4.91164,931.07,0.000289687,149954.0,160.971,3342.42,248.12,0.93858,76.5718,264.326,3854.87
1500,3,500,500,0.05,0,150,150000,1787.65,1643,4.91057,1014.84,0.0,149994.0,161.074,3302.42,270.815,0.95772,76.5817,264.36,3837.59
1500,3,500,500,0.05,20,150,150000,1787.65,1632,4.91763,1014.12,0.0,149995.0,161.486,3337.57,270.683,0.95743,76.6153,264.476,3872.73
1500,3,500,500,0.05,150,100,150000,1787.65,1629,4.91164,931.07,0.000289687,149954.0,160.971,3342.42,248.12,0.93858,76.6249,264.509,3855.05
1500,3,500,500,0.05,800,150,150000,1787.65,1632,4.91763,1014.12,0.0,149995.0,161.486,3337.57,270.683,0.95743,76.6616,264.636,3872.89
1500,3,500,500,0.05,100,150,150000,1787.65,1629,4.91164,1017.34,0.0,149994.0,161.43,3342.42,248.12,0.957025,76.6918,264.74,3855.28
1500,3,500,500,0.05,500,150,150000,1787.65,1632,4.91763,1014.12,0.0,149995.0,161.486,3337.57,270.683,0.95743,76.6935,264.746,3873.0
1500,3,500,500,0.05,30,150,150000,1787.65,1632,4.91763,1014.12,0.0,149995.0,161.486,3337.57,270.683,0.95743,76.7051,264.786,3873.04
1500,3,500,500,0.05,50,150,150000,1787.65,1629,4.91164,1017.34,0.0,149994.0,161.43,3342.42,248.12,0.957025,76.7248,264.854,3855.39
1500,3,500,500,0.05,60,150,150000,1787.65,1632,4.91763,1014.12,0.0,149995.0,161.486,3337.57,270.683,0.95743,76.7312,264.876,3873.13
1500,3,500,500,0.05,200,150,150000,1787.65,1632,4.91763,1014.12,0.0,149995.0,161.486,3337.57,270.683,0.95743,76.7413,264.911,3873.17
1500,3,500,500,0.05,80,150,150000,1787.65,1632,4.91763,1014.12,0.0,149995.0,161.486,3337.57,270.683,0.95743,76.7758,265.03,3873.29
1500,3,500,500,0.05,90,150,150000,1787.65,1632,4.91763,1014.12,0.0,149995.0,161.486,3337.57,270.683,0.95743,76.7995,265.112,3873.37
1500,3,500,500,0.05,200,150,150000,1787.65,1629,4.91164,1017.34,0.0,149994.0,161.43,3342.42,248.12,0.957025,76.8572,265.311,3855.85
1500,3,500,500,0.05,50,150,150000,1787.65,1632,4.91763,1014.12,0.0,149995.0,161.486,3337.57,270.683,0.95743,76.8618,265.327,3873.58
1500,3,500,500,0.05,150,150,150000,1787.65,1632,4.91763,1014.12,0.0,149995.0,161.486,3337.57,270.683,0.95743,76.9122,265.501,3873.76
1500,3,500,500,0.05,50,100,150000,1787.65,1629,4.91164,931.07,0.000289687,149954.0,160.971,3342.42,248.12,0.93858,76.9647,265.682,3856.22
1500,3,500,500,0.05,150,150,150000,1787.65,1629,4.91164,1017.34,0.0,149994.0,161.43,3342.42,248.12,0.957025,76.9719,265.707,3856.25
1500,3,500,500,0.05,0,200,150000,1787.65,1648,4.91185,1081.64,0.0,150000.0,164.189,3320.8,254.989,0.95997,77.044,265.956,3841.75
1500,3,500,500,0.05,50,300,150000,1787.65,1629,4.91164,1175.84,0.0,150000.0,159.727,3342.42,248.12,0.930317,77.2248,266.58,3857.12
1500,3,500,500,0.05,40,150,150000,1787.65,1632,4.91763,1014.12,0.0,149995.0,161.486,3337.57,270.683,0.95743,77.2767,266.759,3875.01
1500,3,500,500,0.05,100,150,150000,1787.65,1632,4.91763,1014.12,0.0,149995.0,161.486,3337.57,270.683,0.95743,77.2804,266.772,3875.03
1500,3,500,500,0.05,1200,150,150000,1787.65,1632,4.91763,1014.12,0.0,149995.0,161.486,3337.57,270.683,0.95743,77.3465,267.0,3875.26
1500,3,500,500,0.05,70,150,150000,1787.65,1632,4.91763,1014.12,0.0,149995.0,161.486,3337.57,270.683,0.95743,77.3554,267.031,3875.29
1500,3,500,500,0.05,0,150,150000,1787.65,1648,4.91185,1018.5,0.0,149994.0,164.113,3320.8,254.989,0.954755,77.3908,267.153,3842.94
1500,3,500,500,0.05,300,150,150000,1787.65,1632,4.91763,1014.12,0.0,149995.0,161.486,3337.57,270.683,0.95743,77.4267,267.277,3875.53
1500,3,500,500,0.05,200,300,150000,1787.65,1629,4.91164,1175.84,0.0,150000.0,159.727,3342.42,248.12,0.930317,77.4673,267.417,3857.96
1500,3,500,500,0.05,150,300,150000,1787.65,1629,4.91164,1175.84,0.0,150000.0,159.727,3342.42,248.12,0.930317,77.4861,267.482,3858.02
1500,3,500,500,0.05,0,150,150000,1787.65,1629,4.91164,1017.34,0.0,149994.0,161.43,3342.42,248.12,0.957025,77.5545,267.718,3858.26
1500,3,500,500,0.05,0,300,150000,1787.65,1629,4.91164,1175.84,0.0,150000.0,159.727,3342.42,248.12,0.930317,77.6926,268.195,3858.74
1500,3,500,500,0.05,100,300,150000,1787.65,1629,4.91164,1175.84,0.0,150000.0,159.727,3342.42,248.12,0.930317,77.8482,268.732,3859.27
1500,3,500,500,0.05,0,150,150000,1787.65,1632,4.91763,1014.12,0.0,149995.0,161.486,3337.57,270.683,0.95743,77.887,268.866,3877.12
1500,3,500,500,0.05,0,300,150000,1787.65,1648,4.91185,1175.72,0.0,150000.0,162.778,3320.8,254.989,0.930694,78.0695,269.496,3845.29
1500,3,500,500,0.05,0,50,200000,1787.65,1648,4.91185,1033.65,0.000579374,190545.0,163.544,3320.8,254.989,0.906272,96.9006,334.501,3910.29
1500,3,500,500,0.05,10,150,200000,1787.65,1632,4.91763,1243.2,0.0,191098.0,161.956,3337.57,270.683,0.969867,97.7459,337.419,3945.67
1500,3,500,500,0.05,0,60,200000,1787.65,1648,4.91185,1088.58,0.000579374,195573.0,163.991,3320.8,254.989,0.921287,99.3876,343.086,3918.88
1500,3,500,500,0.05,0,70,200000,1787.65,1648,4.91185,1129.33,0.000869061,197771.0,163.985,3320.8,254.989,0.93159,99.9389,344.989,3920.78
1500,3,500,500,0.05,0,80,200000,1787.65,1648,4.91185,1161.03,0.000869061,198762.0,164.061,3320.8,254.989,0.940019,101.271,349.586,3925.38
1500,3,500,500,0.05,0,90,200000,1787.65,1648,4.91185,1190.67,0.000579374,199253.0,164.259,3320.8,254.989,0.946459,101.698,351.063,3926.85
1500,3,500,500,0.05,0,100,200000,1787.65,1648,4.91185,1215.68,0.000289687,199535.0,164.331,3320.8,254.989,0.951124,101.963,351.975,3927.77
1500,3,500,500,0.05,0,150,200000,1787.65,1643,4.91057,1325.93,0.0,199950.0,161.57,3302.42,270.815,0.971064,102.277,353.06,3926.29
1500,3,500,500,0.05,30,150,200000,1787.65,1632,4.91763,1324.69,0.000289687,199950.0,161.972,3337.57,270.683,0.970389,102.503,353.841,3962.1
1500,3,500,500,0.05,90,150,200000,1787.65,1632,4.91763,1324.69,0.000289687,199950.0,161.972,3337.57,270.683,0.970389,102.517,353.889,3962.14
1500,3,500,500,0.05,60,150,200000,1787.65,1632,4.91763,1324.69,0.000289687,199950.0,161.972,3337.57,270.683,0.970389,102.554,354.018,3962.27
1500,3,500,500,0.05,150,150,200000,1787.65,1632,4.91763,1324.69,0.000289687,199950.0,161.972,3337.57,270.683,0.970389,102.559,354.033,3962.29
1500,3,500,500,0.05,70,150,200000,1787.65,1632,4.91763,1324.69,0.000289687,199950.0,161.972,3337.57,270.683,0.970389,102.565,354.055,3962.31
1500,3,500,500,0.05,80,150,200000,1787.65,1632,4.91763,1324.69,0.000289687,199950.0,161.972,3337.57,270.683,0.970389,102.598,354.167,3962.42
1500,3,500,500,0.05,200,150,200000,1787.65,1632,4.91763,1324.69,0.000289687,199950.0,161.972,3337.57,270.683,0.970389,102.625,354.262,3962.52
1500,3,500,500,0.05,50,150,200000,1787.65,1632,4.91763,1324.69,0.000289687,199950.0,161.972,3337.57,270.683,0.970389,102.629,354.275,3962.53
1500,3,500,500,0.05,100,150,200000,1787.65,1632,4.91763,1324.69,0.000289687,199950.0,161.972,3337.57,270.683,0.970389,102.669,354.414,3962.67
1500,3,500,500,0.05,300,150,200000,1787.65,1632,4.91763,1324.69,0.000289687,199950.0,161.972,3337.57,270.683,0.970389,102.677,354.441,3962.7
1500,3,500,500,0.05,800,150,200000,1787.65,1632,4.91763,1324.69,0.000289687,199950.0,161.972,3337.57,270.683,0.970389,102.677,354.442,3962.7
1500,3,500,500,0.05,1200,150,200000,1787.65,1632,4.91763,1324.69,0.000289687,199950.0,161.972,3337.57,270.683,0.970389,102.681,354.454,3962.71
1500,3,500,500,0.05,20,150,200000,1787.65,1632,4.91763,1324.27,0.000289687,199931.0,161.972,3337.57,270.683,0.970389,102.725,354.605,3962.86
1500,3,500,500,0.05,0,150,200000,1787.65,1632,4.91763,1324.69,0.000289687,199950.0,161.972,3337.57,270.683,0.970389,102.733,354.636,3962.89
1500,3,500,500,0.05,0,150,200000,1787.65,1648,4.91185,1330.58,0.0,199945.0,164.607,3320.8,254.989,0.9681,103.134,356.02,3931.81
1500,3,500,500,0.05,500,150,200000,1787.65,1632,4.91763,1324.69,0.000289687,199950.0,161.972,3337.57,270.683,0.970389,103.147,356.064,3964.32
1500,3,500,500,0.05,40,150,200000,1787.65,1632,4.91763,1324.69,0.000289687,199950.0,161.972,3337.57,270.683,0.970389,103.301,356.594,3964.85
1500,3,500,500,0.05,0,300,200000,1787.65,1648,4.91185,1558.11,0.0,200000.0,165.041,3320.8,254.989,0.976676,103.503,357.293,3933.08
1500,3,500,500,0.05,0,200,200000,1787.65,1648,4.91185,1419.7,0.0,199987.0,164.838,3320.8,254.989,0.976308,103.537,357.411,3933.2
1500,3,500,500,0.05,0,500,200000,1787.65,1648,4.91185,1799.98,0.0,200000.0,161.587,3320.8,254.989,0.912001,104.168,359.587,3935.38
1500,3,500,500,0.05,0,800,200000,1787.65,1648,4.91185,1799.98,0.0,200000.0,161.587,3320.8,254.989,0.912001,104.258,359.9,3935.69
1500,3,500,500,0.05,0,0,200000,1787.65,1648,4.91185,1799.98,0.0,200000.0,161.587,3320.8,254.989,0.912001,104.343,360.192,3935.98
1500,3,500,500,0.05,0,1200,200000,1787.65,1648,4.91185,1799.98,0.0,200000.0,161.587,3320.8,254.989,0.912001,104.989,362.421,3938.21
1500,3,500,500,0.05,150,50,250000,1787.65,1629,4.91164,1199.93,0.0,219525.0,160.978,3342.42,248.12,0.920533,110.932,382.937,3973.48
1500,3,500,500,0.05,100,50,250000,1787.65,1629,4.91164,1199.93,0.0,219525.0,160.978,3342.42,248.12,0.920533,111.059,383.376,3973.92
1500,3,500,500,0.05,200,50,250000,1787.65,1629,4.91164,1199.93,0.0,219525.0,160.978,3342.42,248.12,0.920533,111.161,383.729,3974.27
1500,3,500,500,0.05,0,50,250000,1787.65,1629,4.91164,1199.93,0.0,219525.0,160.978,3342.42,248.12,0.920533,111.238,383.994,3974.53
1500,3,500,500,0.05,50,50,250000,1787.65,1629,4.91164,1199.93,0.0,219525.0,160.978,3342.42,248.12,0.920533,111.371,384.452,3974.99
1500,3,500,500,0.05,150,100,250000,1787.65,1629,4.91164,1507.73,0.000579374,247878.0,161.928,3342.42,248.12,0.964603,126.469,436.571,4027.11
1500,3,500,500,0.05,0,100,250000,1787.65,1629,4.91164,1507.73,0.000579374,247878.0,161.928,3342.42,248.12,0.964603,126.605,437.042,4027.58
1500,3,500,500,0.05,50,100,250000,1787.65,1629,4.91164,1507.73,0.000579374,247878.0,161.928,3342.42,248.12,0.964603,126.63,437.128,4027.67
1500,3,500,500,0.05,200,100,250000,1787.65,1629,4.91164,1507.73,0.000579374,247878.0,161.928,3342.42,248.12,0.964603,126.67,437.265,4027.81
1500,3,500,500,0.05,100,100,250000,1787.65,1629,4.91164,1507.73,0.000579374,247878.0,161.928,3342.42,248.12,0.964603,127.13,438.852,4029.39
1500,3,500,500,0.05,150,150,250000,1787.65,1629,4.91164,1641.51,0.000579374,249657.0,162.194,3342.42,248.12,0.978143,128.003,441.867,4032.41
1500,3,500,500,0.05,50,150,250000,1787.65,1629,4.91164,1641.51,0.000579374,249657.0,162.194,3342.42,248.12,0.978143,128.151,442.376,4032.92
1500,3,500,500,0.05,0,150,250000,1787.65,1629,4.91164,1641.51,0.000579374,249657.0,162.194,3342.42,248.12,0.978143,128.152,442.38,4032.92
1500,3,500,500,0.05,100,150,250000,1787.65,1629,4.91164,1641.51,0.000579374,249657.0,162.194,3342.42,248.12,0.978143,128.152,442.381,4032.92
1500,3,500,500,0.05,200,150,250000,1787.65,1629,4.91164,1641.51,0.000579374,249657.0,162.194,3342.42,248.12,0.978143,128.196,442.533,4033.07
1500,3,500,500,0.05,0,300,250000,1787.65,1629,4.91164,1935.28,0.0,249991.0,162.481,3342.42,248.12,0.988439,129.457,446.884,4037.42
1500,3,500,500,0.05,50,300,250000,1787.65,1629,4.91164,1935.28,0.0,249991.0,162.481,3342.42,248.12,0.988439,129.479,446.963,4037.5
1500,3,500,500,0.05,100,300,250000,1787.65,1629,4.91164,1935.28,0.0,249991.0,162.481,3342.42,248.12,0.988439,129.494,447.013,4037.55
1500,3,500,500,0.05,200,300,250000,1787.65,1629,4.91164,1935.28,0.0,249991.0,162.481,3342.42,248.12,0.988439,129.494,447.014,4037.55
1500,3,500,500,0.05,150,300,250000,1787.65,1629,4.91164,1935.28,0.0,249991.0,162.481,3342.42,248.12,0.988439,129.609,447.41,4037.95
1500,3,500,500,0.05,100,600,250000,1787.65,1629,4.91164,2191.51,0.000289687,250000.0,161.667,3342.42,248.12,0.965187,130.246,449.609,4040.15
1500,3,500,500,0.05,0,600,250000,1787.65,1629,4.91164,2191.51,0.000289687,250000.0,161.667,3342.42,248.12,0.965187,130.247,449.612,4040.15
1500,3,500,500,0.05,50,600,250000,1787.65,1629,4.91164,2191.51,0.000289687,250000.0,161.667,3342.42,248.12,0.965187,130.248,449.615,4040.16
1500,3,500,500,0.05,150,600,250000,1787.65,1629,4.91164,2191.51,0.000289687,250000.0,161.667,3342.42,248.12,0.965187,130.344,449.947,4040.49
1500,3,500,500,0.05,200,600,250000,1787.65,1629,4.91164,2191.51,0.000289687,250000.0,161.667,3342.42,248.12,0.965187,130.391,450.109,4040.65
1500,3,500,500,0.05,0,150,300000,1787.65,1643,4.91057,1959.84,0.000579374,298774.0,161.996,3302.42,270.815,0.983252,153.619,530.292,4103.52
1500,3,500,500,0.05,0,150,400000,1787.65,1643,4.91057,2603.55,0.000869061,391931.0,162.189,3302.42,270.815,0.989181,201.933,697.072,4270.3
1500,3,500,500,0.05,0,150,500000,1787.65,1643,4.91057,3182.71,0.00144844,469629.0,162.294,3302.42,270.815,0.992464,241.924,835.123,4408.35
