1500,3,50,100,30000,1787.65,1629,4.91011,358.501,9.17063,29998.6,115.753,544,25,0.782242,18.3189,10.5395,579.539
1500,3,50,110,30000,1787.65,1629,4.91011,328.363,8.40151,29999.2,116.219,544,24,0.781112,18.6892,10.7525,578.753
1500,3,50,120,30000,1787.65,1629,4.91011,303.341,7.5982,29999.7,116.596,544,25,0.78059,18.4331,10.6052,579.605
1500,3,50,130,30000,1787.65,1629,4.91011,282.231,6.91194,30000,116.789,544,26,0.77808,18.4284,10.6025,580.602
1500,3,50,140,30000,1787.65,1629,4.91011,264.337,6.36964,30000,117.05,544,25,0.776689,18.0623,10.3918,579.392
1500,3,50,150,30000,1787.65,1629,4.91011,248.809,5.9383,30000,117.227,544,25,0.774671,18.0768,10.4002,579.4
1500,3,50,160,30000,1787.65,1629,4.91011,235.041,5.53824,30000,117.207,544,25,0.769476,18.0081,10.3607,579.361
1500,3,50,170,30000,1787.65,1629,4.91011,223.36,5.11501,30000,117.367,544,26,0.767911,17.9702,10.3388,580.339
1500,3,50,180,30000,1787.65,1629,4.91011,213.105,4.78592,30000,117.469,544,26,0.766116,18.0151,10.3647,580.365
1500,3,60,100,30000,1787.65,1629,4.91011,361.913,9.53824,29999.5,114.456,544,23,0.794186,18.3056,10.5318,577.532
1500,3,60,110,30000,1787.65,1629,4.91011,332.052,8.53998,30000,114.799,544,24,0.791116,18.6897,10.7528,578.753
1500,3,60,120,30000,1787.65,1629,4.91011,307.393,7.71929,30000,115.191,544,25,0.790662,18.6724,10.7428,579.743
1500,3,60,130,30000,1787.65,1629,4.91011,286.133,7.12833,30000,115.244,544,27,0.784694,18.721,10.7708,581.771
1500,3,60,140,30000,1787.65,1629,4.91011,268.563,6.44206,30000,115.451,544,26,0.782425,18.1645,10.4507,580.451
1500,3,60,150,30000,1787.65,1629,4.91011,253.557,5.97306,30000,115.599,544,26,0.780176,18.1283,10.4298,580.43
1500,3,60,160,30000,1787.65,1629,4.91011,240.174,5.48146,30000,115.736,544,26,0.778205,18.0739,10.3985,580.399
1500,3,60,170,30000,1787.65,1629,4.91011,228.193,5.17092,30000,115.361,544,26,0.769631,18.0183,10.3665,580.366
1500,3,60,180,30000,1787.65,1629,4.91011,218.004,4.82532,30000,115.244,544,26,0.764358,17.9006,10.2988,580.299
1500,3,70,100,30000,1787.65,1629,4.91011,365.859,9.71524,30000,113.577,544,23,0.800713,18.4264,10.6013,577.601
1500,3,70,110,30000,1787.65,1629,4.91011,335.879,8.87283,30000,113.787,544,25,0.795876,18.9464,10.9005,579.9
1500,3,70,120,30000,1787.65,1629,4.91011,311.593,7.89397,30000,114.033,544,25,0.793095,18.4971,10.642,579.642
1500,3,70,130,30000,1787.65,1629,4.91011,291.339,7.18627,30000,114.27,544,25,0.791771,18.2709,10.5118,579.512
1500,3,70,140,30000,1787.65,1629,4.91011,273.483,6.52202,30000,114.404,544,25,0.788634,18.2581,10.5045,579.505
1500,3,70,150,30000,1787.65,1629,4.91011,258.222,6.06634,30000,114.035,544,25,0.778195,18.0904,10.408,579.408
1500,3,70,160,30000,1787.65,1629,4.91011,245.227,5.60429,30000,114.028,544,26,0.773937,18.0826,10.4035,580.404
1500,3,70,170,30000,1787.65,1629,4.91011,234.217,5.25319,30000,114.033,544,26,0.771311,18.009,10.3612,580.361
1500,3,70,180,30000,1787.65,1629,4.91011,224.466,4.93221,30000,114.108,544,26,0.768993,18.0576,10.3892,580.389
1500,3,80,100,30000,1787.65,1629,4.91011,369.692,9.99015,30000,112.628,544,23,0.803146,18.5519,10.6735,577.673
1500,3,80,110,30000,1787.65,1629,4.91011,340.919,8.84502,30000,112.974,544,24,0.800897,18.5406,10.667,578.667
1500,3,80,120,30000,1787.65,1629,4.91011,316.537,7.96524,30000,113.262,544,24,0.799149,18.4484,10.614,578.614
1500,3,80,130,30000,1787.65,1629,4.91011,295.782,7.33864,30000,112.903,544,25,0.788691,18.4192,10.5972,579.597
1500,3,80,140,30000,1787.65,1629,4.91011,278.674,6.62891,30000,112.982,544,26,0.784346,18.4067,10.59,580.59
1500,3,80,150,30000,1787.65,1629,4.91011,264.384,6.13963,30000,113.077,544,25,0.781401,18.2297,10.4882,579.488
1500,3,80,160,30000,1787.65,1629,4.91011,251.9,5.72161,30000,113.192,544,26,0.778977,18.2039,10.4733,580.473
1500,3,80,170,30000,1787.65,1629,4.91011,240.698,5.44177,30000,113.244,544,26,0.776602,18.2071,10.4752,580.475
1500,3,80,180,30000,1787.65,1629,4.91011,230.49,5.15267,30000,113.227,544,26,0.77273,18.1321,10.432,580.432
1500,3,90,100,30000,1787.65,1629,4.91011,374.829,10.0014,30000,111.623,544,23,0.807375,18.653,10.7317,577.732
1500,3,90,110,30000,1787.65,1629,4.91011,345.344,8.94148,30000,111.858,544,24,0.803611,18.5611,10.6788,578.679
1500,3,90,120,30000,1787.65,1629,4.91011,321.16,8.0982,30000,111.536,544,24,0.792727,18.5704,10.6842,578.684
1500,3,90,130,30000,1787.65,1629,4.91011,301.686,7.32126,30000,111.709,544,25,0.790303,18.4742,10.6288,579.629
1500,3,90,140,30000,1787.65,1629,4.91011,285.216,6.76738,30000,111.885,544,25,0.787736,18.3317,10.5468,579.547
1500,3,90,150,30000,1787.65,1629,4.91011,270.696,6.36414,30000,112.014,544,26,0.785322,18.3146,10.537,580.537
1500,3,90,160,30000,1787.65,1629,4.91011,257.662,5.969,30000,111.966,544,26,0.780957,18.272,10.5125,580.513
1500,3,90,170,30000,1787.65,1629,4.91011,245.87,5.57184,30000,110.925,544,26,0.762611,18.2132,10.4787,580.479
1500,3,90,180,30000,1787.65,1629,4.91011,236.046,5.0562,30000,110.614,544,26,0.755261,18.2874,10.5213,580.521
1500,3,100,100,30000,1787.65,1629,4.91011,379.117,10.1813,30000,111.52,544,23,0.808669,18.6952,10.756,577.756
1500,3,100,110,30000,1787.65,1629,4.91011,350.394,9.07851,30000,111.354,544,24,0.79911,18.6278,10.7172,578.717
1500,3,100,120,30000,1787.65,1629,4.91011,327.555,8.24421,30000,111.525,544,24,0.796261,18.5426,10.6682,578.668
1500,3,100,130,30000,1787.65,1629,4.91011,308.16,7.56431,30000,111.718,544,25,0.794166,18.5408,10.6672,579.667
1500,3,100,140,30000,1787.65,1629,4.91011,291.243,7.03042,30000,111.82,544,25,0.791018,18.4432,10.611,579.611
1500,3,100,150,30000,1787.65,1629,4.91011,276.024,6.54345,30000,111.334,544,26,0.779035,18.3581,10.562,580.562
1500,3,100,160,30000,1787.65,1629,4.91011,263.159,5.97509,30000,110.524,544,26,0.762948,18.294,10.5252,580.525
1500,3,100,170,30000,1787.65,1629,4.91011,252.348,5.38644,30000,110.519,544,26,0.759636,18.3714,10.5697,580.57
1500,3,100,180,30000,1787.65,1629,4.91011,242.968,5.01014,30000,110.542,544,26,0.756952,18.2865,10.5208,580.521
1500,3,110,100,30000,1787.65,1629,4.91011,384.267,10.2028,30000,110.733,544,24,0.805541,18.7523,10.7888,578.789
1500,3,110,110,30000,1787.65,1629,4.91011,356.856,9.23494,30000,111.009,544,24,0.803021,18.6848,10.75,578.75
1500,3,110,120,30000,1787.65,1629,4.91011,333.895,8.39803,30000,111.17,544,24,0.800269,18.6127,10.7085,578.708
1500,3,110,130,30000,1787.65,1629,4.91011,313.946,7.85689,30000,111.24,544,25,0.79657,18.5869,10.6937,579.694
1500,3,110,140,30000,1787.65,1629,4.91011,296.28,7.14977,30000,110.175,544,25,0.775241,18.4707,10.6268,579.627
1500,3,110,150,30000,1787.65,1629,4.91011,281.961,6.42555,30000,110.032,544,26,0.768655,18.5046,10.6463,580.646
1500,3,110,160,30000,1787.65,1629,4.91011,269.875,5.85545,30000,110.047,544,26,0.764619,18.4218,10.5987,580.599
1500,3,110,170,30000,1787.65,1629,4.91011,259.401,5.42149,30000,110.107,544,26,0.762795,18.4458,10.6125,580.612
1500,3,110,180,30000,1787.65,1629,4.91011,250.041,5.10371,30000,110.168,544,26,0.76039,18.3198,10.54,580.54
1500,3,120,100,30000,1787.65,1629,4.91011,390.649,10.3977,30000,110.293,544,23,0.808331,18.8285,10.8327,577.833
1500,3,120,110,30000,1787.65,1629,4.91011,363.107,9.36298,30000,110.56,544,24,0.806362,18.7103,10.7647,578.765
1500,3,120,120,30000,1787.65,1629,4.91011,339.453,8.67671,30000,110.63,544,24,0.801612,18.5608,10.6787,578.679
1500,3,120,130,30000,1787.65,1629,4.91011,318.941,7.8737,30000,109.514,544,25,0.779238,18.6098,10.7068,579.707
1500,3,120,140,30000,1787.65,1629,4.91011,302.569,7.03766,30000,109.483,544,25,0.773686,18.6211,10.7133,579.713
1500,3,120,150,30000,1787.65,1629,4.91011,288.771,6.32039,30000,109.539,544,26,0.770094,18.5293,10.6605,580.66
1500,3,120,160,30000,1787.65,1629,4.91011,276.832,5.87891,30000,109.626,544,26,0.767805,18.5206,10.6555,580.655
1500,3,120,170,30000,1787.65,1629,4.91011,266.337,5.56634,30000,109.655,544,26,0.765546,18.3969,10.5843,580.584
1500,3,120,180,30000,1787.65,1629,4.91011,256.794,5.32677,30000,109.74,544,26,0.763818,18.3447,10.5543,580.554
1500,3,130,100,30000,1787.65,1629,4.91011,396.999,10.5432,30000,110.204,544,23,0.810398,18.748,10.7863,577.786
1500,3,130,110,30000,1787.65,1629,4.91011,368.659,9.75029,30000,110.368,544,24,0.806468,18.7706,10.7993,578.799
1500,3,130,120,30000,1787.65,1629,4.91011,344.418,8.72827,30000,109.227,544,24,0.782164,18.7274,10.7745,578.774
1500,3,130,130,30000,1787.65,1629,4.91011,325.298,7.74276,30000,109.23,544,25,0.77721,18.6811,10.7478,579.748
1500,3,130,140,30000,1787.65,1629,4.91011,309.435,6.99247,30000,109.327,544,25,0.774052,18.5646,10.6808,579.681
1500,3,130,150,30000,1787.65,1629,4.91011,295.763,6.47596,30000,109.49,544,26,0.772198,18.6535,10.732,580.732
1500,3,130,160,30000,1787.65,1629,4.91011,283.695,6.09241,30000,109.519,544,26,0.769148,18.5652,10.6812,580.681
1500,3,130,170,30000,1787.65,1629,4.91011,272.992,5.83082,30000,109.636,544,26,0.768124,18.5067,10.6475,580.648
1500,3,130,180,30000,1787.65,1629,4.91011,263.337,5.57619,30000,109.643,544,26,0.766376,18.5362,10.6645,580.664
1500,3,140,100,30000,1787.65,1629,4.91011,402.742,10.9777,30000,109.607,544,24,0.812368,18.9354,10.8942,578.894
1500,3,140,110,30000,1787.65,1629,4.91011,373.558,9.82068,30000,108.606,544,24,0.789214,18.8618,10.8518,578.852
1500,3,140,120,30000,1787.65,1629,4.91011,350.748,8.64368,30000,108.49,544,24,0.781739,18.7822,10.806,578.806
1500,3,140,130,30000,1787.65,1629,4.91011,332.202,7.73581,30000,108.605,544,25,0.779083,18.7346,10.7787,579.779
1500,3,140,140,30000,1787.65,1629,4.91011,316.344,7.16831,30000,108.78,544,26,0.777046,18.6011,10.7018,580.702
1500,3,140,150,30000,1787.65,1629,4.91011,302.497,6.71611,30000,108.871,544,26,0.774217,18.5829,10.6913,580.691
1500,3,140,160,30000,1787.65,1629,4.91011,290.34,6.40035,30000,108.991,544,26,0.772991,18.5377,10.6653,580.665
1500,3,140,170,30000,1787.65,1629,4.91011,279.424,6.07937,30000,109.011,544,26,0.770905,18.5692,10.6835,580.683
1500,3,140,180,30000,1787.65,1629,4.91011,269.417,5.74537,30000,108.946,544,26,0.76739,18.5658,10.6815,580.682
1500,3,150,100,30000,1787.65,1629,4.91011,407.658,11.2176,30000,108.616,544,24,0.805029,18.9548,10.9053,578.905
1500,3,150,110,30000,1787.65,1629,4.91011,379.685,9.8146,30000,107.917,544,24,0.786789,18.867,10.8548,578.855
1500,3,150,120,30000,1787.65,1629,4.91011,357.608,8.67729,30000,108.001,544,24,0.782443,18.8129,10.8237,578.824
1500,3,150,130,30000,1787.65,1629,4.91011,339.075,7.91309,30000,108.209,544,25,0.781487,18.8027,10.8178,579.818
1500,3,150,140,30000,1787.65,1629,4.91011,323.03,7.36616,30000,108.367,544,25,0.778696,18.7274,10.7745,579.774
1500,3,150,150,30000,1787.65,1629,4.91011,309.151,6.99565,30000,108.519,544,26,0.777721,18.686,10.7507,580.751
1500,3,150,160,30000,1787.65,1629,4.91011,296.718,6.64745,30000,108.572,544,26,0.77525,18.6321,10.7197,580.72
1500,3,150,170,30000,1787.65,1629,4.91011,285.379,6.27897,30000,108.509,544,26,0.77131,18.5823,10.691,580.691
1500,3,150,180,30000,1787.65,1629,4.91011,274.803,6.02289,30000,108.271,544,26,0.765729,18.4916,10.6388,580.639
1500,5,50,100,30000,1787.65,1651,4.985,358.928,10.6895,29998.3,116.176,860,23,0.778775,18.0718,10.3973,893.397
1500,5,50,110,30000,1787.65,1651,4.985,328.76,9.66628,29999.2,116.577,860,24,0.777346,18.06,10.3905,894.39
1500,5,50,120,30000,1787.65,1651,4.985,303.756,8.80504,29999.7,116.923,860,24,0.776979,18.0429,10.3807,894.381
1500,5,50,130,30000,1787.65,1651,4.985,282.629,8.05881,30000,117.076,860,25,0.774265,17.9429,10.3232,895.323
1500,5,50,140,30000,1787.65,1651,4.985,264.702,7.39368,30000,117.358,860,25,0.773454,17.9699,10.3387,895.339
1500,5,50,150,30000,1787.65,1651,4.985,249.115,6.86848,30000,117.479,860,26,0.771687,17.8948,10.2955,896.295
1500,5,50,160,30000,1787.65,1651,4.985,235.379,6.42468,30000,117.437,860,26,0.766414,17.8019,10.242,896.242
1500,5,50,170,30000,1787.65,1651,4.985,223.664,5.9551,30000,117.479,860,26,0.765169,17.7257,10.1982,896.198
1500,5,50,180,30000,1787.65,1651,4.985,213.378,5.5336,30000,117.532,860,26,0.763488,17.6338,10.1453,896.145
1500,5,60,100,30000,1787.65,1651,4.985,362.336,10.9594,29999.3,114.932,860,23,0.790718,18.2546,10.5025,893.503
1500,5,60,110,30000,1787.65,1651,4.985,332.419,9.87167,30000,115.17,860,24,0.787561,18.1834,10.4615,894.462
1500,5,60,120,30000,1787.65,1651,4.985,307.79,8.91599,30000,115.471,860,24,0.786982,18.0368,10.3772,894.377
1500,5,60,130,30000,1787.65,1651,4.985,286.507,8.22711,30000,115.499,860,25,0.781034,18.0324,10.3747,895.375
1500,5,60,140,30000,1787.65,1651,4.985,269.01,7.54867,30000,115.684,860,25,0.778958,18.0122,10.363,895.363
1500,5,60,150,30000,1787.65,1651,4.985,253.92,6.8763,30000,115.769,860,26,0.77719,18.0197,10.3673,896.367
1500,5,60,160,30000,1787.65,1651,4.985,240.543,6.36964,30000,115.864,860,26,0.77552,17.8751,10.2842,896.284
1500,5,60,170,30000,1787.65,1651,4.985,228.539,5.95452,30000,115.507,860,26,0.767487,17.8114,10.2475,896.247
1500,5,60,180,30000,1787.65,1651,4.985,218.361,5.58314,30000,115.259,860,26,0.761519,17.8447,10.2667,896.267
1500,5,70,100,30000,1787.65,1651,4.985,366.238,11.1202,30000,113.423,860,24,0.798877,18.2827,10.5187,894.519
1500,5,70,110,30000,1787.65,1651,4.985,336.234,10.0785,30000,113.58,860,24,0.793905,18.2341,10.4907,894.491
1500,5,70,120,30000,1787.65,1651,4.985,311.887,9.12891,30000,113.717,860,24,0.789704,18.115,10.4222,894.422
1500,5,70,130,30000,1787.65,1651,4.985,291.615,8.20597,30000,113.925,860,25,0.788325,18.1689,10.4532,895.453
1500,5,70,140,30000,1787.65,1651,4.985,273.826,7.51362,30000,113.985,860,26,0.785234,18.0324,10.3747,896.375
1500,5,70,150,30000,1787.65,1651,4.985,258.514,6.95626,30000,113.55,860,26,0.77468,18.0591,10.39,896.39
1500,5,70,160,30000,1787.65,1651,4.985,245.633,6.4354,30000,113.51,860,26,0.770615,17.9904,10.3505,896.351
1500,5,70,170,30000,1787.65,1651,4.985,234.565,5.92787,30000,113.432,860,26,0.767921,17.9192,10.3095,896.309
1500,5,70,180,30000,1787.65,1651,4.985,224.693,5.60574,30000,113.413,860,26,0.765034,17.993,10.352,896.352
1500,5,80,100,30000,1787.65,1651,4.985,370.023,11.4215,30000,112.423,860,23,0.799795,18.378,10.5735,893.573
1500,5,80,110,30000,1787.65,1651,4.985,341.119,10.1628,30000,112.677,860,24,0.797179,18.3375,10.5502,894.55
1500,5,80,120,30000,1787.65,1651,4.985,316.843,9.1376,30000,112.901,860,24,0.795508,18.383,10.5763,894.576
1500,5,80,130,30000,1787.65,1651,4.985,296.036,8.34618,30000,112.53,860,25,0.78394,18.2874,10.5213,895.521
1500,5,80,140,30000,1787.65,1651,4.985,279.039,7.62196,30000,112.472,860,25,0.779257,18.139,10.436,895.436
1500,5,80,150,30000,1787.65,1651,4.985,264.674,6.98812,30000,112.486,860,26,0.77636,18.1194,10.4247,896.425
1500,5,80,160,30000,1787.65,1651,4.985,252.169,6.54635,30000,112.521,860,26,0.773521,18.0921,10.409,896.409
1500,5,80,170,30000,1787.65,1651,4.985,241.02,6.19496,30000,112.514,860,26,0.771281,18.0101,10.3618,896.362
1500,5,80,180,30000,1787.65,1651,4.985,230.793,5.89571,30000,112.338,860,26,0.767592,18.0408,10.3795,896.38
1500,5,90,100,30000,1787.65,1651,4.985,375.249,11.4846,30000,111.989,860,24,0.805434,18.4348,10.6062,894.606
1500,5,90,110,30000,1787.65,1651,4.985,345.696,10.2656,30000,112.171,860,24,0.801216,18.4406,10.6095,894.61
1500,5,90,120,30000,1787.65,1651,4.985,321.565,9.26738,30000,111.817,860,24,0.788661,18.2914,10.5237,894.524
1500,5,90,130,30000,1787.65,1651,4.985,302.062,8.42758,30000,111.951,860,25,0.785793,18.3213,10.5408,895.541
1500,5,90,140,30000,1787.65,1651,4.985,285.565,7.76188,30000,112.04,860,25,0.783293,18.2248,10.4853,895.485
1500,5,90,150,30000,1787.65,1651,4.985,271.087,7.24537,30000,112.098,860,26,0.781304,18.2103,10.477,896.477
1500,5,90,160,30000,1787.65,1651,4.985,258.056,6.87428,30000,112.024,860,26,0.776523,18.1379,10.4353,896.435
1500,5,90,170,30000,1787.65,1651,4.985,246.219,6.40991,30000,111.022,860,26,0.760205,18.2147,10.4795,896.48
1500,5,90,180,30000,1787.65,1651,4.985,236.454,5.95597,30000,110.562,860,27,0.751863,18.1912,10.466,897.466
1500,5,100,100,30000,1787.65,1651,4.985,379.578,11.5368,30000,111.391,860,24,0.806893,18.5014,10.6445,894.644
1500,5,100,110,30000,1787.65,1651,4.985,350.788,10.372,30000,111.097,860,24,0.794581,18.5017,10.6447,894.645
1500,5,100,120,30000,1787.65,1651,4.985,327.862,9.33546,30000,111.271,860,25,0.79149,18.4357,10.6067,895.607
1500,5,100,130,30000,1787.65,1651,4.985,308.515,8.54838,30000,111.461,860,25,0.7901,18.3789,10.574,895.574
1500,5,100,140,30000,1787.65,1651,4.985,291.577,8.00232,30000,111.475,860,26,0.78645,18.3372,10.55,896.55
1500,5,100,150,30000,1787.65,1651,4.985,276.315,7.4635,30000,110.945,860,26,0.775452,18.2451,10.497,896.497
1500,5,100,160,30000,1787.65,1651,4.985,263.534,6.89629,30000,110.108,860,26,0.76005,18.1602,10.4482,896.448
1500,5,100,170,30000,1787.65,1651,4.985,252.875,6.28216,30000,110.081,860,26,0.757684,18.1955,10.4685,896.468
1500,5,100,180,30000,1787.65,1651,4.985,243.41,5.76043,30000,110.014,860,26,0.754643,18.1141,10.4217,896.422
1500,5,110,100,30000,1787.65,1651,4.985,384.674,11.626,30000,109.965,860,24,0.800847,18.6211,10.7133,894.713
1500,5,110,110,30000,1787.65,1651,4.985,357.128,10.4287,30000,110.171,860,24,0.797815,18.6083,10.706,894.706
1500,5,110,120,30000,1787.65,1651,4.985,334.19,9.45973,30000,110.395,860,24,0.795826,18.4232,10.5995,894.6
1500,5,110,130,30000,1787.65,1651,4.985,314.219,8.8595,30000,110.434,860,25,0.791915,18.5026,10.6452,895.645
1500,5,110,140,30000,1787.65,1651,4.985,296.62,8.16773,30000,109.362,860,26,0.772739,18.3859,10.578,896.578
1500,5,110,150,30000,1787.65,1651,4.985,282.449,7.47335,30000,109.097,860,27,0.765777,18.3326,10.5473,897.547
1500,5,110,160,30000,1787.65,1651,4.985,270.338,6.7471,30000,109.136,860,26,0.762494,18.2277,10.487,896.487
1500,5,110,170,30000,1787.65,1651,4.985,259.788,6.14716,30000,109.154,860,26,0.76091,18.2048,10.4738,896.474
1500,5,110,180,30000,1787.65,1651,4.985,250.52,5.85921,30000,109.149,860,26,0.75895,18.1573,10.4465,896.447
1500,5,120,100,30000,1787.65,1651,4.985,391.05,11.7784,30000,109.552,860,24,0.803618,19.272,11.0878,895.088
1500,5,120,110,30000,1787.65,1651,4.985,363.48,10.6249,30000,109.794,860,25,0.801407,18.7801,10.8048,895.805
1500,5,120,120,30000,1787.65,1651,4.985,339.775,9.74131,30000,109.855,860,26,0.796569,18.9516,10.9035,896.904
1500,5,120,130,30000,1787.65,1651,4.985,319.423,8.94177,30000,108.681,860,26,0.774709,18.8888,10.8673,896.867
1500,5,120,140,30000,1787.65,1651,4.985,303.12,8.177,30000,108.592,860,27,0.770016,18.655,10.7328,897.733
1500,5,120,150,30000,1787.65,1651,4.985,289.324,7.25869,30000,108.656,860,27,0.768326,18.5516,10.6733,897.673
1500,5,120,160,30000,1787.65,1651,4.985,277.333,6.74942,30000,108.712,860,27,0.76568,18.8859,10.8657,897.866
1500,5,120,170,30000,1787.65,1651,4.985,266.783,6.3062,30000,108.683,860,28,0.763073,18.6567,10.7338,898.734
1500,5,120,180,30000,1787.65,1651,4.985,257.284,6.01217,30000,108.679,860,27,0.761258,18.6249,10.7155,897.716
1500,5,130,100,30000,1787.65,1651,4.985,397.35,11.905,30000,109.317,860,25,0.806785,19.1944,11.0432,896.043
1500,5,130,110,30000,1787.65,1651,4.985,368.993,10.8592,30000,109.445,860,25,0.801977,19.1698,11.029,896.029
1500,5,130,120,30000,1787.65,1651,4.985,344.855,9.86095,30000,108.277,860,26,0.779025,19.0345,10.9512,896.951
1500,5,130,130,30000,1787.65,1651,4.985,325.879,8.98986,30000,108.233,860,27,0.774063,19.0797,10.9772,897.977
1500,5,130,140,30000,1787.65,1651,4.985,309.905,7.91107,30000,108.353,860,28,0.772711,19.2425,11.0708,899.071
1500,5,130,150,30000,1787.65,1651,4.985,296.208,7.31431,30000,108.402,860,28,0.770712,18.6935,10.755,898.755
1500,5,130,160,30000,1787.65,1651,4.985,284.147,6.82329,30000,108.422,860,28,0.767651,19.0049,10.9342,898.934
1500,5,130,170,30000,1787.65,1651,4.985,273.428,6.53042,30000,108.427,860,29,0.765546,18.889,10.8675,899.867
1500,5,130,180,30000,1787.65,1651,4.985,263.798,6.21842,30000,108.395,860,27,0.764011,18.9791,10.9193,897.919
1500,5,140,100,30000,1787.65,1651,4.985,403.098,12.2271,30000,108.796,860,25,0.807982,19.0435,10.9563,895.956
1500,5,140,110,30000,1787.65,1651,4.985,373.885,11.0501,30000,107.749,860,26,0.78647,19.091,10.9837,896.984
1500,5,140,120,30000,1787.65,1651,4.985,351.336,9.98552,30000,107.604,860,26,0.778677,18.9597,10.9082,896.908
1500,5,140,130,30000,1787.65,1651,4.985,332.628,8.81228,30000,107.802,860,26,0.777366,18.7572,10.7917,896.792
1500,5,140,140,30000,1787.65,1651,4.985,316.823,8.02115,30000,107.894,860,27,0.775647,18.8821,10.8635,897.864
1500,5,140,150,30000,1787.65,1651,4.985,302.919,7.45307,30000,107.946,860,28,0.773551,18.916,10.883,898.883
1500,5,140,160,30000,1787.65,1651,4.985,290.733,7.12196,30000,107.952,860,28,0.770751,18.9658,10.9117,898.912
1500,5,140,170,30000,1787.65,1651,4.985,279.786,6.72074,30000,107.98,860,28,0.76963,18.7749,10.8018,898.802
1500,5,140,180,30000,1787.65,1651,4.985,269.817,6.4073,30000,107.913,860,28,0.766966,19.2254,11.061,899.061
1500,5,150,100,30000,1787.65,1651,4.985,407.944,12.6501,30000,107.856,860,26,0.800963,19.2665,11.0847,897.085
1500,5,150,110,30000,1787.65,1651,4.985,380.139,11.2523,30000,107.08,860,26,0.782965,19.5351,11.2392,897.239
1500,5,150,120,30000,1787.65,1651,4.985,357.955,9.84733,30000,107.274,860,27,0.780396,19.1958,11.044,898.044
1500,5,150,130,30000,1787.65,1651,4.985,339.532,8.89948,30000,107.43,860,28,0.778861,19.3421,11.1282,899.128
1500,5,150,140,30000,1787.65,1651,4.985,323.472,8.25058,30000,107.545,860,28,0.776969,19.1263,11.004,899.004
1500,5,150,150,30000,1787.65,1651,4.985,309.557,7.81141,30000,107.583,860,28,0.775327,18.8917,10.869,898.869
1500,5,150,160,30000,1787.65,1651,4.985,297.058,7.39079,30000,107.631,860,28,0.77326,19.2509,11.0757,899.076
1500,5,150,170,30000,1787.65,1651,4.985,285.728,7.01564,30000,107.572,860,28,0.770779,19.1144,10.9972,898.997
1500,5,150,180,30000,1787.65,1651,4.985,275.218,6.65324,30000,107.328,860,28,0.765121,18.9745,10.9167,898.917
1500,10,50,100,30000,1787.65,1701,5.02369,359.363,11.2173,29998.3,113.729,1790,34,0.771157,18.7291,10.7755,1834.78
1500,10,50,110,30000,1787.65,1701,5.02369,329.244,10.075,29999.1,114.029,1790,25,0.769573,18.5742,10.6863,1825.69
1500,10,50,120,30000,1787.65,1701,5.02369,304.268,9.19959,29999.6,114.306,1790,26,0.768569,18.4032,10.588,1826.59
1500,10,50,130,30000,1787.65,1701,5.02369,283.121,8.40411,30000,114.46,1790,28,0.765682,18.2439,10.4963,1828.5
1500,10,50,140,30000,1787.65,1701,5.02369,265.284,7.76014,30000,114.651,1790,27,0.764996,18.1787,10.4588,1827.46
1500,10,50,150,30000,1787.65,1701,5.02369,249.648,7.17497,30000,114.738,1790,27,0.763296,18.3641,10.5655,1827.57
1500,10,50,160,30000,1787.65,1701,5.02369,235.887,6.70336,30000,114.629,1790,27,0.757551,18.5017,10.6447,1827.64
1500,10,50,170,30000,1787.65,1701,5.02369,224.201,6.19988,30000,114.687,1790,28,0.755118,18.6619,10.7368,1828.74
1500,10,50,180,30000,1787.65,1701,5.02369,213.89,5.77404,30000,114.741,1790,30,0.753361,18.9241,10.8877,1830.89
1500,10,60,100,30000,1787.65,1701,5.02369,362.942,11.4082,29999.4,112.069,1790,25,0.781479,18.6057,10.7045,1825.7
1500,10,60,110,30000,1787.65,1701,5.02369,333.046,10.2598,30000,112.311,1790,25,0.778485,18.6393,10.7238,1825.72
1500,10,60,120,30000,1787.65,1701,5.02369,308.373,9.26825,30000,112.544,1790,26,0.778032,18.646,10.7277,1826.73
1500,10,60,130,30000,1787.65,1701,5.02369,287.114,8.48899,30000,112.545,1790,28,0.772634,18.3117,10.5353,1828.54
1500,10,60,140,30000,1787.65,1701,5.02369,269.546,7.76477,30000,112.658,1790,26,0.769776,18.4447,10.6118,1826.61
1500,10,60,150,30000,1787.65,1701,5.02369,254.524,7.09705,30000,112.756,1790,30,0.768366,19.3682,11.1432,1831.14
1500,10,60,160,30000,1787.65,1701,5.02369,241.238,6.6208,30000,112.775,1790,28,0.765517,20.4873,11.787,1829.79
1500,10,60,170,30000,1787.65,1701,5.02369,229.249,6.18482,30000,112.425,1790,29,0.75702,18.1596,10.4478,1829.45
1500,10,60,180,30000,1787.65,1701,5.02369,219.085,5.73725,30000,112.229,1790,28,0.750724,18.1066,10.4173,1828.42
1500,10,70,100,30000,1787.65,1701,5.02369,366.959,11.4922,30000,110.989,1790,26,0.790102,18.7856,10.808,1826.81
1500,10,70,110,30000,1787.65,1701,5.02369,336.895,10.3192,30000,111.135,1790,26,0.785526,18.6324,10.7198,1826.72
1500,10,70,120,30000,1787.65,1701,5.02369,312.55,9.34009,30000,111.234,1790,26,0.781305,18.8033,10.8182,1826.82
1500,10,70,130,30000,1787.65,1701,5.02369,292.325,8.458,30000,111.402,1790,26,0.779626,18.4435,10.6112,1826.61
1500,10,70,140,30000,1787.65,1701,5.02369,274.572,7.79114,30000,111.452,1790,26,0.777008,18.3262,10.5437,1826.54
1500,10,70,150,30000,1787.65,1701,5.02369,259.352,7.16136,30000,110.981,1790,26,0.766029,18.2126,10.4783,1826.48
1500,10,70,160,30000,1787.65,1701,5.02369,246.47,6.57879,30000,110.931,1790,27,0.761762,18.2071,10.4752,1827.48
1500,10,70,170,30000,1787.65,1701,5.02369,235.252,6.09038,30000,110.902,1790,27,0.758971,18.1405,10.4368,1827.44
1500,10,70,180,30000,1787.65,1701,5.02369,225.461,5.71147,30000,110.924,1790,27,0.75591,18.0261,10.371,1827.37
1500,10,80,100,30000,1787.65,1701,5.02369,370.844,11.6796,30000,110.3,1790,24,0.790903,18.6072,10.7053,1824.71
1500,10,80,110,30000,1787.65,1701,5.02369,341.889,10.3534,30000,110.554,1790,25,0.788451,18.5797,10.6895,1825.69
1500,10,80,120,30000,1787.65,1701,5.02369,317.723,9.39253,30000,110.725,1790,25,0.78651,18.6159,10.7103,1825.71
1500,10,80,130,30000,1787.65,1701,5.02369,297.047,8.56083,30000,110.297,1790,26,0.775019,18.7541,10.7898,1826.79
1500,10,80,140,30000,1787.65,1701,5.02369,279.959,7.79229,30000,110.266,1790,27,0.771002,18.5009,10.6442,1827.64
1500,10,80,150,30000,1787.65,1701,5.02369,265.511,7.15788,30000,110.318,1790,27,0.768385,18.2671,10.5097,1827.51
1500,10,80,160,30000,1787.65,1701,5.02369,253.1,6.70191,30000,110.35,1790,27,0.76543,18.2735,10.5133,1827.51
1500,10,80,170,30000,1787.65,1701,5.02369,241.879,6.25521,30000,110.34,1790,27,0.762649,18.1385,10.4357,1827.44
1500,10,80,180,30000,1787.65,1701,5.02369,231.683,5.95626,30000,110.271,1790,27,0.758932,18.0988,10.4128,1827.41
1500,10,90,100,30000,1787.65,1701,5.02369,376.062,11.6663,30000,109.068,1790,24,0.797072,18.7025,10.7602,1824.76
1500,10,90,110,30000,1787.65,1701,5.02369,346.695,10.4725,30000,109.181,1790,25,0.79213,18.5736,10.686,1825.69
1500,10,90,120,30000,1787.65,1701,5.02369,322.672,9.43772,30000,108.75,1790,25,0.781064,18.5078,10.6482,1825.65
1500,10,90,130,30000,1787.65,1701,5.02369,303.001,8.47161,30000,108.855,1790,26,0.778021,18.4736,10.6285,1826.63
1500,10,90,140,30000,1787.65,1701,5.02369,286.534,7.82879,30000,108.977,1790,27,0.775453,18.8575,10.8493,1827.85
1500,10,90,150,30000,1787.65,1701,5.02369,272.012,7.29548,30000,109.036,1790,30,0.77303,19.2601,11.081,1831.08
1500,10,90,160,30000,1787.65,1701,5.02369,258.989,6.854,30000,108.895,1790,29,0.768105,19.1897,11.0405,1830.04
1500,10,90,170,30000,1787.65,1701,5.02369,247.204,6.44351,30000,107.905,1790,28,0.750676,18.7772,10.8032,1828.8
1500,10,90,180,30000,1787.65,1701,5.02369,237.417,5.98436,30000,107.464,1790,29,0.741773,18.6889,10.7523,1829.75
1500,10,100,100,30000,1787.65,1701,5.02369,380.642,11.7509,30000,108.18,1790,26,0.798966,19.051,10.9607,1826.96
1500,10,100,110,30000,1787.65,1701,5.02369,351.815,10.4962,30000,107.909,1790,26,0.788363,18.9968,10.9295,1826.93
1500,10,100,120,30000,1787.65,1701,5.02369,328.865,9.43888,30000,108.008,1790,26,0.78536,19.0006,10.9317,1826.93
1500,10,100,130,30000,1787.65,1701,5.02369,309.6,8.60342,30000,108.162,1790,27,0.783245,19.084,10.9797,1827.98
1500,10,100,140,30000,1787.65,1701,5.02369,292.592,7.98754,30000,108.18,1790,27,0.779702,18.8048,10.819,1827.82
1500,10,100,150,30000,1787.65,1701,5.02369,277.398,7.5252,30000,107.669,1790,28,0.768008,18.8424,10.8407,1828.84
1500,10,100,160,30000,1787.65,1701,5.02369,264.607,6.87022,30000,106.74,1790,29,0.751882,18.8554,10.8482,1829.85
1500,10,100,170,30000,1787.65,1701,5.02369,253.91,6.27665,30000,106.778,1790,29,0.74971,19.1469,11.0158,1830.02
1500,10,100,180,30000,1787.65,1701,5.02369,244.544,5.87022,30000,106.767,1790,30,0.74662,19.0359,10.952,1830.95
1500,10,110,100,30000,1787.65,1701,5.02369,385.712,11.8105,30000,107.34,1790,27,0.795672,19.467,11.2,1828.2
1500,10,110,110,30000,1787.65,1701,5.02369,358.172,10.5072,30000,107.525,1790,25,0.792437,18.5536,10.6745,1825.67
1500,10,110,120,30000,1787.65,1701,5.02369,335.367,9.4916,30000,107.661,1790,24,0.790072,18.5116,10.6503,1824.65
1500,10,110,130,30000,1787.65,1701,5.02369,315.421,8.84125,30000,107.64,1790,25,0.785427,18.3902,10.5805,1825.58
1500,10,110,140,30000,1787.65,1701,5.02369,297.716,8.17758,30000,106.53,1790,26,0.765256,18.502,10.6448,1826.64
1500,10,110,150,30000,1787.65,1701,5.02369,283.519,7.45307,30000,106.332,1790,26,0.758216,18.4212,10.5983,1826.6
1500,10,110,160,30000,1787.65,1701,5.02369,271.488,6.77752,30000,106.29,1790,26,0.754547,18.356,10.5608,1826.56
1500,10,110,170,30000,1787.65,1701,5.02369,260.962,6.30388,30000,106.319,1790,26,0.752297,18.458,10.6195,1826.62
1500,10,110,180,30000,1787.65,1701,5.02369,251.569,5.85429,30000,106.338,1790,26,0.750105,18.29,10.5228,1826.52
1500,10,120,100,30000,1787.65,1701,5.02369,392.076,11.8667,30000,106.742,1790,24,0.79854,18.8152,10.825,1824.83
1500,10,120,110,30000,1787.65,1701,5.02369,364.676,10.7338,30000,106.966,1790,24,0.796339,18.7202,10.7703,1824.77
1500,10,120,120,30000,1787.65,1701,5.02369,341.086,9.86066,30000,106.919,1790,24,0.791559,18.5968,10.6993,1824.7
1500,10,120,130,30000,1787.65,1701,5.02369,320.489,9.04548,30000,105.706,1790,25,0.768877,18.5982,10.7002,1825.7
1500,10,120,140,30000,1787.65,1701,5.02369,304.211,8.15759,30000,105.64,1790,26,0.763971,18.5368,10.6648,1826.66
1500,10,120,150,30000,1787.65,1701,5.02369,290.435,7.36182,30000,105.669,1790,26,0.760118,18.5038,10.6458,1826.65
1500,10,120,160,30000,1787.65,1701,5.02369,278.518,6.84647,30000,105.709,1790,26,0.758352,18.4502,10.615,1826.62
1500,10,120,170,30000,1787.65,1701,5.02369,267.966,6.3456,30000,105.682,1790,26,0.755194,18.4145,10.5945,1826.59
1500,10,120,180,30000,1787.65,1701,5.02369,258.475,5.9635,30000,105.676,1790,26,0.753214,18.2958,10.5262,1826.53
1500,10,130,100,30000,1787.65,1701,5.02369,398.577,12.0802,30000,106.18,1790,24,0.802519,18.8702,10.8567,1824.86
1500,10,130,110,30000,1787.65,1701,5.02369,370.333,11.1101,30000,106.251,1790,24,0.797796,18.7943,10.813,1824.81
1500,10,130,120,30000,1787.65,1701,5.02369,346.012,9.99479,30000,104.995,1790,24,0.773782,18.633,10.7202,1824.72
1500,10,130,130,30000,1787.65,1701,5.02369,326.991,8.9887,30000,104.936,1790,25,0.768056,18.6518,10.731,1825.73
1500,10,130,140,30000,1787.65,1701,5.02369,311.161,8.13268,30000,104.994,1790,25,0.765227,18.6816,10.7482,1825.75
1500,10,130,150,30000,1787.65,1701,5.02369,297.388,7.39195,30000,105.077,1790,26,0.763035,18.5652,10.6812,1826.68
1500,10,130,160,30000,1787.65,1701,5.02369,285.43,6.8482,30000,105.028,1790,26,0.759868,18.5188,10.6545,1826.65
1500,10,130,170,30000,1787.65,1701,5.02369,274.619,6.53129,30000,105.044,1790,26,0.758013,18.4015,10.587,1826.59
1500,10,130,180,30000,1787.65,1701,5.02369,264.956,6.20857,30000,105.032,1790,26,0.756662,18.4111,10.5925,1826.59
1500,10,140,100,30000,1787.65,1701,5.02369,404.371,12.4299,30000,105.572,1790,24,0.803803,18.9183,10.8843,1824.88
1500,10,140,110,30000,1787.65,1701,5.02369,375.131,11.1083,30000,104.519,1790,24,0.781207,18.8094,10.8217,1824.82
1500,10,140,120,30000,1787.65,1701,5.02369,352.423,10.0351,30000,104.275,1790,24,0.772758,18.7002,10.7588,1824.76
1500,10,140,130,30000,1787.65,1701,5.02369,333.951,8.93221,30000,104.339,1790,25,0.769572,18.7042,10.7612,1825.76
1500,10,140,140,30000,1787.65,1701,5.02369,318.025,8.12601,30000,104.389,1790,26,0.767553,18.7147,10.7672,1826.77
1500,10,140,150,30000,1787.65,1701,5.02369,304.3,7.51506,30000,104.484,1790,26,0.765323,18.6527,10.7315,1826.73
1500,10,140,160,30000,1787.65,1701,5.02369,292.041,7.18395,30000,104.475,1790,26,0.763064,18.5513,10.6732,1826.67
1500,10,140,170,30000,1787.65,1701,5.02369,281.061,6.84183,30000,104.469,1790,26,0.761431,18.4954,10.641,1826.64
1500,10,140,180,30000,1787.65,1701,5.02369,271.033,6.4861,30000,104.376,1790,27,0.758371,18.4899,10.6378,1827.64
1500,10,150,100,30000,1787.65,1701,5.02369,409.195,12.6744,30000,104.711,1790,24,0.797274,19.0423,10.9557,1824.96
1500,10,150,110,30000,1787.65,1701,5.02369,381.301,11.3062,30000,103.899,1790,24,0.777818,18.8682,10.8555,1824.86
1500,10,150,120,30000,1787.65,1701,5.02369,359.309,9.96147,30000,103.897,1790,24,0.774014,18.8242,10.8302,1824.83
1500,10,150,130,30000,1787.65,1701,5.02369,340.717,8.96987,30000,103.996,1790,25,0.772005,18.8175,10.8263,1825.83
1500,10,150,140,30000,1787.65,1701,5.02369,324.834,8.24189,30000,104.095,1790,26,0.77018,18.7002,10.7588,1826.76
1500,10,150,150,30000,1787.65,1701,5.02369,310.865,7.82358,30000,104.161,1790,26,0.76848,18.644,10.7265,1826.73
1500,10,150,160,30000,1787.65,1701,5.02369,298.395,7.46987,30000,104.163,1790,26,0.766066,18.6498,10.7298,1826.73
1500,10,150,170,30000,1787.65,1701,5.02369,286.933,7.04693,30000,104.036,1790,26,0.762774,18.5571,10.6765,1826.68
1500,10,150,180,30000,1787.65,1701,5.02369,276.433,6.64137,30000,103.871,1790,27,0.758207,18.5915,10.6963,1827.7
2000,3,50,100,30000,1340.73,1217,5.02268,361.866,13.7271,29996.6,117.892,732,26,0.76825,18.4186,10.5968,768.597
2000,3,50,110,30000,1340.73,1217,5.02268,331.62,12.4754,29998.5,118.271,732,26,0.766714,18.2853,10.5202,768.52
2000,3,50,120,30000,1340.73,1217,5.02268,306.64,11.3372,29999.7,118.622,732,26,0.765739,18.2384,10.4932,768.493
2000,3,50,130,30000,1340.73,1217,5.02268,285.395,10.3656,30000,118.729,732,27,0.762649,18.2147,10.4795,769.48
2000,3,50,140,30000,1340.73,1217,5.02268,267.58,9.49565,30000,118.963,732,27,0.761829,18.1758,10.4572,769.457
2000,3,50,150,30000,1340.73,1217,5.02268,251.91,8.85487,30000,119.089,732,28,0.760689,18.1283,10.4298,770.43
2000,3,50,160,30000,1340.73,1217,5.02268,238.121,8.2248,30000,118.979,732,28,0.755716,18.0886,10.407,770.407
2000,3,50,170,30000,1340.73,1217,5.02268,226.427,7.64282,30000,119.042,732,28,0.753495,18.0035,10.358,770.358
2000,3,50,180,30000,1340.73,1217,5.02268,216.019,7.13152,30000,119.09,732,28,0.751612,18.0272,10.3717,770.372
2000,3,60,100,30000,1340.73,1217,5.02268,365.304,14.2949,29998.6,116.401,732,26,0.779527,18.4762,10.63,768.63
2000,3,60,110,30000,1340.73,1217,5.02268,335.409,12.8091,29999.8,116.691,732,26,0.776128,18.4163,10.5955,768.596
2000,3,60,120,30000,1340.73,1217,5.02268,310.724,11.5968,30000,117.028,732,26,0.775549,18.3919,10.5815,768.582
2000,3,60,130,30000,1340.73,1217,5.02268,289.422,10.6767,30000,117.017,732,27,0.769417,18.3441,10.554,769.554
2000,3,60,140,30000,1340.73,1217,5.02268,271.728,9.83922,30000,117.17,732,27,0.767177,18.2549,10.5027,769.503
2000,3,60,150,30000,1340.73,1217,5.02268,256.62,8.98436,30000,117.228,732,28,0.765323,18.2152,10.4798,770.48
2000,3,60,160,30000,1340.73,1217,5.02268,243.371,8.38702,30000,117.24,732,28,0.763316,18.1926,10.4668,770.467
2000,3,60,170,30000,1340.73,1217,5.02268,231.371,7.77549,30000,116.955,732,28,0.755871,18.1805,10.4598,770.46
2000,3,60,180,30000,1340.73,1217,5.02268,221.158,7.27086,30000,116.802,732,28,0.749643,18.1054,10.4167,770.417
2000,3,70,100,30000,1340.73,1217,5.02268,369.286,14.6422,29999.7,115.136,732,26,0.786296,18.593,10.6972,768.697
2000,3,70,110,30000,1340.73,1217,5.02268,339.298,13.1756,30000,115.338,732,26,0.781362,18.5041,10.646,768.646
2000,3,70,120,30000,1340.73,1217,5.02268,314.817,11.9661,30000,115.552,732,26,0.778465,18.4902,10.638,768.638
2000,3,70,130,30000,1340.73,1217,5.02268,294.506,10.8137,30000,115.682,732,27,0.776032,18.4198,10.5975,769.597
2000,3,70,140,30000,1340.73,1217,5.02268,276.726,10.0379,30000,115.791,732,27,0.773,18.3282,10.5448,769.545
2000,3,70,150,30000,1340.73,1217,5.02268,261.452,9.19959,30000,115.35,732,28,0.763923,18.2787,10.5163,770.516
2000,3,70,160,30000,1340.73,1217,5.02268,248.612,8.53187,30000,115.291,732,28,0.760379,18.2778,10.5158,770.516
2000,3,70,170,30000,1340.73,1217,5.02268,237.388,7.97538,30000,115.282,732,28,0.757154,18.1909,10.4658,770.466
2000,3,70,180,30000,1340.73,1217,5.02268,227.566,7.46379,30000,115.24,732,28,0.753861,18.144,10.4388,770.439
2000,3,80,100,30000,1340.73,1217,5.02268,373.006,14.8951,30000,114.14,732,26,0.788942,18.6214,10.7135,768.713
2000,3,80,110,30000,1340.73,1217,5.02268,344.085,13.3963,30000,114.427,732,26,0.786132,18.5779,10.6885,768.688
2000,3,80,120,30000,1340.73,1217,5.02268,319.838,12.0782,30000,114.704,732,27,0.784829,18.5747,10.6867,769.687
2000,3,80,130,30000,1340.73,1217,5.02268,299.119,11.0188,30000,114.28,732,27,0.774497,18.4432,10.611,769.611
2000,3,80,140,30000,1340.73,1217,5.02268,282.037,10.1092,30000,114.294,732,28,0.77021,18.4768,10.6303,770.63
2000,3,80,150,30000,1340.73,1217,5.02268,267.508,9.32879,30000,114.267,732,28,0.766839,18.3954,10.5835,770.583
2000,3,80,160,30000,1340.73,1217,5.02268,255.027,8.62804,30000,114.22,732,28,0.763922,18.4261,10.6012,770.601
2000,3,80,170,30000,1340.73,1217,5.02268,243.925,8.10516,30000,114.219,732,28,0.761093,18.2071,10.4752,770.475
2000,3,80,180,30000,1340.73,1217,5.02268,233.816,7.69322,30000,114.103,732,28,0.756999,18.2112,10.4775,770.477
2000,3,90,100,30000,1340.73,1217,5.02268,378.145,15.0162,30000,113.403,732,26,0.794417,18.7335,10.778,768.778
2000,3,90,110,30000,1340.73,1217,5.02268,348.843,13.5571,30000,113.623,732,26,0.791202,18.6385,10.7233,768.723
2000,3,90,120,30000,1340.73,1217,5.02268,324.785,12.2236,30000,113.312,732,26,0.781169,18.5406,10.667,768.667
2000,3,90,130,30000,1340.73,1217,5.02268,305.012,11.1156,30000,113.379,732,27,0.778282,18.633,10.7202,769.72
2000,3,90,140,30000,1340.73,1217,5.02268,288.49,10.2291,30000,113.403,732,28,0.774264,18.4632,10.6225,770.622
2000,3,90,150,30000,1340.73,1217,5.02268,274.08,9.40701,30000,113.409,732,28,0.771821,18.4174,10.5962,770.596
2000,3,90,160,30000,1340.73,1217,5.02268,261.197,8.93453,30000,113.302,732,28,0.76793,18.4018,10.5872,770.587
2000,3,90,170,30000,1340.73,1217,5.02268,249.415,8.44757,30000,112.376,732,28,0.752144,18.2781,10.516,770.516
2000,3,90,180,30000,1340.73,1217,5.02268,239.47,7.78795,30000,111.903,732,28,0.743395,18.2497,10.4997,770.5
2000,3,100,100,30000,1340.73,1217,5.02268,382.754,15.3873,30000,112.844,732,26,0.797141,18.8244,10.8303,768.83
2000,3,100,110,30000,1340.73,1217,5.02268,354.101,13.721,30000,112.625,732,26,0.787223,18.81,10.822,768.822
2000,3,100,120,30000,1340.73,1217,5.02268,330.825,12.4345,30000,112.757,732,27,0.783757,18.6958,10.7563,769.756
2000,3,100,130,30000,1340.73,1217,5.02268,311.575,11.3381,30000,112.821,732,27,0.780406,18.6246,10.7153,769.715
2000,3,100,140,30000,1340.73,1217,5.02268,294.716,10.4835,30000,112.84,732,28,0.777103,18.6057,10.7045,770.705
2000,3,100,150,30000,1340.73,1217,5.02268,279.545,9.84183,30000,112.314,732,28,0.766975,18.5096,10.6492,770.649
2000,3,100,160,30000,1340.73,1217,5.02268,266.667,9.10834,30000,111.401,732,28,0.751188,18.4438,10.6113,770.611
2000,3,100,170,30000,1340.73,1217,5.02268,255.992,8.40122,30000,111.236,732,28,0.745964,18.4047,10.5888,770.589
2000,3,100,180,30000,1340.73,1217,5.02268,246.787,7.80359,30000,111.218,732,28,0.743589,18.3885,10.5795,770.58
2000,3,110,100,30000,1340.73,1217,5.02268,388.016,15.5226,30000,111.375,732,26,0.793346,18.9279,10.8898,768.89
2000,3,110,110,30000,1340.73,1217,5.02268,360.181,13.816,30000,111.546,732,26,0.78927,18.803,10.818,768.818
2000,3,110,120,30000,1340.73,1217,5.02268,337.32,12.5267,30000,111.711,732,27,0.786865,18.6929,10.7547,769.755
2000,3,110,130,30000,1340.73,1217,5.02268,317.459,11.5884,30000,111.665,732,27,0.78252,18.6886,10.7522,769.752
2000,3,110,140,30000,1340.73,1217,5.02268,299.918,10.8111,30000,110.642,732,28,0.764039,18.5675,10.6825,770.683
2000,3,110,150,30000,1340.73,1217,5.02268,285.682,9.80185,30000,110.218,732,28,0.754943,18.5756,10.6872,770.687
2000,3,110,160,30000,1340.73,1217,5.02268,273.781,9.0365,30000,110.184,732,28,0.751776,18.5154,10.6525,770.653
2000,3,110,170,30000,1340.73,1217,5.02268,263.26,8.41599,30000,110.178,732,28,0.748734,18.4603,10.6208,770.621
2000,3,110,180,30000,1340.73,1217,5.02268,253.928,7.93569,30000,110.116,732,28,0.745539,18.3482,10.5563,770.556
2000,3,120,100,30000,1340.73,1217,5.02268,394.04,15.7051,30000,111.087,732,26,0.795315,18.9846,10.9225,768.923
2000,3,120,110,30000,1340.73,1217,5.02268,366.542,14.0707,30000,111.301,732,26,0.79207,18.8908,10.8685,768.869
2000,3,120,120,30000,1340.73,1217,5.02268,342.972,12.8948,30000,111.32,732,27,0.787695,18.7344,10.7785,769.779
2000,3,120,130,30000,1340.73,1217,5.02268,322.664,11.938,30000,110.163,732,27,0.766733,18.7619,10.7943,769.794
2000,3,120,140,30000,1340.73,1217,5.02268,306.451,10.8192,30000,109.972,732,28,0.759685,18.7555,10.7907,770.791
2000,3,120,150,30000,1340.73,1217,5.02268,292.739,9.94554,30000,109.944,732,28,0.756335,18.6437,10.7263,770.726
2000,3,120,160,30000,1340.73,1217,5.02268,280.802,9.10805,30000,109.948,732,28,0.753457,18.6608,10.7362,770.736
2000,3,120,170,30000,1340.73,1217,5.02268,270.24,8.70829,30000,109.933,732,28,0.751014,18.597,10.6995,770.699
2000,3,120,180,30000,1340.73,1217,5.02268,260.717,8.18598,30000,109.933,732,28,0.749343,18.5663,10.6818,770.682
2000,3,130,100,30000,1340.73,1217,5.02268,400.429,15.9583,30000,110.419,732,26,0.798501,18.98,10.9198,768.92
2000,3,130,110,30000,1340.73,1217,5.02268,372.303,14.478,30000,110.494,732,26,0.793924,18.8876,10.8667,768.867
2000,3,130,120,30000,1340.73,1217,5.02268,348.251,13.2772,30000,109.392,732,27,0.771908,18.8236,10.8298,769.83
2000,3,130,130,30000,1340.73,1217,5.02268,329.287,12.031,30000,109.236,732,27,0.765034,18.8282,10.8325,769.832
2000,3,130,140,30000,1340.73,1217,5.02268,313.477,10.9148,30000,109.252,732,28,0.761075,18.7984,10.8153,770.815
2000,3,130,150,30000,1340.73,1217,5.02268,299.847,9.99652,30000,109.253,732,28,0.758391,18.7063,10.7623,770.762
2000,3,130,160,30000,1340.73,1217,5.02268,287.747,9.42149,30000,109.253,732,28,0.756005,18.6092,10.7065,770.707
2000,3,130,170,30000,1340.73,1217,5.02268,276.965,8.87399,30000,109.252,732,28,0.75363,18.5965,10.6992,770.699
2000,3,130,180,30000,1340.73,1217,5.02268,267.346,8.41889,30000,109.263,732,28,0.75194,18.564,10.6805,770.681
2000,3,140,100,30000,1340.73,1217,5.02268,406.347,16.4018,30000,110.061,732,26,0.80103,19.018,10.9417,768.942
2000,3,140,110,30000,1340.73,1217,5.02268,377.291,14.9082,30000,109.016,732,26,0.779005,19.0353,10.9517,768.952
2000,3,140,120,30000,1340.73,1217,5.02268,354.712,13.4166,30000,108.867,732,27,0.770797,18.8885,10.8672,769.867
2000,3,140,130,30000,1340.73,1217,5.02268,336.21,12.1393,30000,108.884,732,27,0.766704,18.9452,10.8998,769.9
2000,3,140,140,30000,1340.73,1217,5.02268,320.41,11.0264,30000,108.905,732,28,0.763421,18.8204,10.828,770.828
2000,3,140,150,30000,1340.73,1217,5.02268,306.574,10.312,30000,108.977,732,28,0.762215,18.7966,10.8143,770.814
2000,3,140,160,30000,1340.73,1217,5.02268,294.366,9.75695,30000,108.929,732,28,0.759848,18.7016,10.7597,770.76
2000,3,140,170,30000,1340.73,1217,5.02268,283.438,9.1686,30000,108.956,732,28,0.757733,18.6275,10.717,770.717
2000,3,140,180,30000,1340.73,1217,5.02268,273.397,8.6938,30000,108.887,732,28,0.755522,18.6147,10.7097,770.71
2000,3,150,100,30000,1340.73,1217,5.02268,411.326,16.8705,30000,109.107,732,26,0.793837,19.1958,11.044,769.044
2000,3,150,110,30000,1340.73,1217,5.02268,383.541,14.9899,30000,108.316,732,26,0.77549,19.0768,10.9755,768.976
2000,3,150,120,30000,1340.73,1217,5.02268,361.617,13.4461,30000,108.396,732,27,0.771067,18.9716,10.915,769.915
2000,3,150,130,30000,1340.73,1217,5.02268,343.112,12.1929,30000,108.459,732,28,0.768113,18.9499,10.9025,770.903
2000,3,150,140,30000,1340.73,1217,5.02268,327.127,11.2619,30000,108.593,732,28,0.766365,18.8447,10.842,770.842
2000,3,150,150,30000,1340.73,1217,5.02268,313.17,10.6944,30000,108.607,732,28,0.764502,18.8384,10.8383,770.838
2000,3,150,160,30000,1340.73,1217,5.02268,300.745,9.9832,30000,108.596,732,28,0.762503,18.7598,10.7932,770.793
2000,3,150,170,30000,1340.73,1217,5.02268,289.366,9.49797,30000,108.557,732,28,0.759848,18.6921,10.7542,770.754
2000,3,150,180,30000,1340.73,1217,5.02268,278.82,9.12891,30000,108.321,732,29,0.754856,18.6692,10.741,771.741
2000,5,50,100,30000,1340.73,1260,5.09628,362.428,16.1663,29995.3,117.024,1217,26,0.761752,18.3169,10.5383,1253.54
2000,5,50,110,30000,1340.73,1260,5.09628,332.282,14.7349,29998.3,117.255,1217,26,0.759907,18.2538,10.502,1253.5
2000,5,50,120,30000,1340.73,1260,5.09628,307.255,13.4238,29999.8,117.515,1217,26,0.758469,18.2593,10.5052,1253.51
2000,5,50,130,30000,1340.73,1260,5.09628,286,12.2856,30000,117.647,1217,27,0.755639,18.2888,10.5222,1254.52
2000,5,50,140,30000,1340.73,1260,5.09628,268.199,11.2517,30000,117.846,1217,27,0.754278,18.1034,10.4155,1254.42
2000,5,50,150,30000,1340.73,1260,5.09628,252.642,10.5,30000,117.999,1217,28,0.75283,18.0941,10.4102,1255.41
2000,5,50,160,30000,1340.73,1260,5.09628,238.816,9.73494,30000,117.908,1217,28,0.748156,17.9687,10.338,1255.34
2000,5,50,170,30000,1340.73,1260,5.09628,227.065,9.09096,30000,117.987,1217,28,0.746089,17.9534,10.3292,1255.33
2000,5,50,180,30000,1340.73,1260,5.09628,216.643,8.49565,30000,118.019,1217,28,0.744728,17.9238,10.3122,1255.31
2000,5,60,100,30000,1340.73,1260,5.09628,365.976,16.7068,29998.9,115.869,1217,26,0.771958,18.4557,10.6182,1253.62
2000,5,60,110,30000,1340.73,1260,5.09628,336.147,15.0243,29999.9,116.018,1217,26,0.768645,18.3097,10.5342,1253.53
2000,5,60,120,30000,1340.73,1260,5.09628,311.527,13.5782,30000,116.355,1217,27,0.768115,18.305,10.5315,1254.53
2000,5,60,130,30000,1340.73,1260,5.09628,290.245,12.3911,30000,116.394,1217,27,0.763257,18.2477,10.4985,1254.5
2000,5,60,140,30000,1340.73,1260,5.09628,272.508,11.4481,30000,116.486,1217,27,0.760206,18.2106,10.4772,1254.48
2000,5,60,150,30000,1340.73,1260,5.09628,257.36,10.5403,30000,116.631,1217,28,0.758159,18.1448,10.4393,1255.44
2000,5,60,160,30000,1340.73,1260,5.09628,244.048,9.83227,30000,116.689,1217,28,0.756315,18.1043,10.416,1255.42
2000,5,60,170,30000,1340.73,1260,5.09628,232.069,9.15122,30000,116.459,1217,28,0.749961,17.9577,10.3317,1255.33
2000,5,60,180,30000,1340.73,1260,5.09628,221.865,8.58922,30000,116.201,1217,28,0.744534,17.9826,10.346,1255.35
2000,5,70,100,30000,1340.73,1260,5.09628,370.324,16.9728,29999.9,114.536,1217,26,0.779469,18.5382,10.6657,1253.67
2000,5,70,110,30000,1340.73,1260,5.09628,340.351,15.2225,30000,114.616,1217,26,0.774728,18.4884,10.637,1253.64
2000,5,70,120,30000,1340.73,1260,5.09628,315.878,13.8879,30000,114.781,1217,27,0.771136,18.3815,10.5755,1254.58
2000,5,70,130,30000,1340.73,1260,5.09628,295.348,12.586,30000,115.003,1217,27,0.769688,18.2691,10.5108,1254.51
2000,5,70,140,30000,1340.73,1260,5.09628,277.633,11.5359,30000,115.031,1217,27,0.766453,18.1721,10.455,1254.45
2000,5,70,150,30000,1340.73,1260,5.09628,262.309,10.7848,30000,114.641,1217,28,0.757057,18.1605,10.4483,1255.45
2000,5,70,160,30000,1340.73,1260,5.09628,249.57,9.93192,30000,114.589,1217,28,0.752895,18.2042,10.4735,1255.47
2000,5,70,170,30000,1340.73,1260,5.09628,238.311,9.27781,30000,114.58,1217,28,0.749584,18.1107,10.4197,1255.42
2000,5,70,180,30000,1340.73,1260,5.09628,228.316,8.6179,30000,114.553,1217,28,0.747682,18.0264,10.3712,1255.37
2000,5,80,100,30000,1340.73,1260,5.09628,374.253,17.2413,30000,113.089,1217,26,0.780628,18.5733,10.6858,1253.69
2000,5,80,110,30000,1340.73,1260,5.09628,345.206,15.4612,30000,113.332,1217,26,0.778524,18.5435,10.6687,1253.67
2000,5,80,120,30000,1340.73,1260,5.09628,320.917,13.9537,30000,113.514,1217,27,0.77637,18.4293,10.603,1254.6
2000,5,80,130,30000,1340.73,1260,5.09628,300.136,12.8259,30000,113.185,1217,27,0.766163,18.4479,10.6137,1254.61
2000,5,80,140,30000,1340.73,1260,5.09628,283.107,11.7567,30000,113.17,1217,28,0.761432,18.3282,10.5448,1255.54
2000,5,80,150,30000,1340.73,1260,5.09628,268.518,10.9099,30000,113.158,1217,28,0.757908,18.3201,10.5402,1255.54
2000,5,80,160,30000,1340.73,1260,5.09628,255.867,9.99305,30000,113.183,1217,28,0.755676,18.3856,10.5778,1255.58
2000,5,80,170,30000,1340.73,1260,5.09628,244.813,9.34212,30000,113.236,1217,28,0.753244,18.2859,10.5205,1255.52
2000,5,80,180,30000,1340.73,1260,5.09628,234.687,8.85226,30000,113.127,1217,28,0.750231,18.1889,10.4647,1255.46
2000,5,90,100,30000,1340.73,1260,5.09628,379.286,17.3737,30000,112.199,1217,26,0.78703,18.6315,10.7193,1253.72
2000,5,90,110,30000,1340.73,1260,5.09628,349.982,15.664,30000,112.289,1217,26,0.783409,18.5956,10.6987,1253.7
2000,5,90,120,30000,1340.73,1260,5.09628,325.967,14.1816,30000,111.927,1217,27,0.772295,18.4855,10.6353,1254.64
2000,5,90,130,30000,1340.73,1260,5.09628,306.162,12.9936,30000,112.045,1217,27,0.769697,18.4609,10.6212,1254.62
2000,5,90,140,30000,1340.73,1260,5.09628,289.435,11.7097,30000,112.127,1217,28,0.766539,18.4119,10.593,1255.59
2000,5,90,150,30000,1340.73,1260,5.09628,275.087,10.9001,30000,112.15,1217,28,0.763642,18.2963,10.5265,1255.53
2000,5,90,160,30000,1340.73,1260,5.09628,262.181,10.241,30000,112.07,1217,28,0.760214,18.3146,10.537,1255.54
2000,5,90,170,30000,1340.73,1260,5.09628,250.373,9.65151,30000,111.198,1217,28,0.744447,18.3071,10.5327,1255.53
2000,5,90,180,30000,1340.73,1260,5.09628,240.523,9.24537,30000,110.666,1217,28,0.73508,18.2074,10.4753,1255.48
2000,5,100,100,30000,1340.73,1260,5.09628,383.909,17.668,30000,111.275,1217,26,0.7893,18.6863,10.7508,1253.75
2000,5,100,110,30000,1340.73,1260,5.09628,355.282,15.8459,30000,110.985,1217,26,0.778717,18.6573,10.7342,1253.73
2000,5,100,120,30000,1340.73,1260,5.09628,332.008,14.4041,30000,111.093,1217,27,0.775607,18.6246,10.7153,1254.72
2000,5,100,130,30000,1340.73,1260,5.09628,312.549,12.9299,30000,111.236,1217,28,0.772932,18.542,10.6678,1255.67
2000,5,100,140,30000,1340.73,1260,5.09628,295.783,11.9693,30000,111.274,1217,28,0.769938,18.3998,10.586,1255.59
2000,5,100,150,30000,1340.73,1260,5.09628,280.612,11.2685,30000,110.868,1217,28,0.76034,18.4838,10.6343,1255.63
2000,5,100,160,30000,1340.73,1260,5.09628,267.667,10.6246,30000,109.912,1217,28,0.743171,18.3804,10.5748,1255.57
2000,5,100,170,30000,1340.73,1260,5.09628,256.997,9.81692,30000,109.784,1217,28,0.738624,18.3618,10.5642,1255.56
2000,5,100,180,30000,1340.73,1260,5.09628,247.608,9.12225,30000,109.744,1217,28,0.736016,18.3146,10.537,1255.54
2000,5,110,100,30000,1340.73,1260,5.09628,389.324,17.728,30000,110.456,1217,26,0.784471,18.7914,10.8113,1253.81
2000,5,110,110,30000,1340.73,1260,5.09628,361.403,15.9221,30000,110.614,1217,26,0.781931,18.7656,10.7965,1253.8
2000,5,110,120,30000,1340.73,1260,5.09628,338.338,14.3812,30000,110.747,1217,27,0.779991,18.6315,10.7193,1254.72
2000,5,110,130,30000,1340.73,1260,5.09628,318.556,13.1503,30000,110.807,1217,27,0.776263,18.6234,10.7147,1254.71
2000,5,110,140,30000,1340.73,1260,5.09628,300.897,12.3056,30000,109.793,1217,28,0.757328,18.5322,10.6622,1255.66
2000,5,110,150,30000,1340.73,1260,5.09628,286.611,11.507,30000,109.417,1217,28,0.747498,18.4279,10.6022,1255.6
2000,5,110,160,30000,1340.73,1260,5.09628,274.663,10.4774,30000,109.427,1217,28,0.744881,18.4745,10.629,1255.63
2000,5,110,170,30000,1340.73,1260,5.09628,264.097,9.82126,30000,109.477,1217,28,0.742447,18.3702,10.569,1255.57
2000,5,110,180,30000,1340.73,1260,5.09628,254.868,9.25579,30000,109.383,1217,28,0.739444,18.3586,10.5623,1255.56
2000,5,120,100,30000,1340.73,1260,5.09628,395.375,17.9383,30000,109.795,1217,26,0.787127,18.9125,10.881,1253.88
2000,5,120,110,30000,1340.73,1260,5.09628,367.722,16.062,30000,109.985,1217,26,0.784963,18.8444,10.8418,1253.84
2000,5,120,120,30000,1340.73,1260,5.09628,344.266,14.6712,30000,110.017,1217,27,0.781439,18.7674,10.7975,1254.8
2000,5,120,130,30000,1340.73,1260,5.09628,323.769,13.5579,30000,108.909,1217,27,0.759887,18.7413,10.7825,1254.78
2000,5,120,140,30000,1340.73,1260,5.09628,307.432,12.5194,30000,108.754,1217,28,0.753398,18.5521,10.6737,1255.67
2000,5,120,150,30000,1340.73,1260,5.09628,293.786,11.4444,30000,108.773,1217,29,0.750211,18.6469,10.7282,1256.73
2000,5,120,160,30000,1340.73,1260,5.09628,281.799,10.7205,30000,108.764,1217,29,0.746947,18.7914,10.8113,1256.81
2000,5,120,170,30000,1340.73,1260,5.09628,271.328,9.97074,30000,108.779,1217,29,0.745036,18.5281,10.6598,1256.66
2000,5,120,180,30000,1340.73,1260,5.09628,261.901,9.43656,30000,108.731,1217,29,0.742534,18.4878,10.6367,1256.64
2000,5,130,100,30000,1340.73,1260,5.09628,401.633,17.9435,30000,109.614,1217,26,0.790806,18.8972,10.8722,1253.87
2000,5,130,110,30000,1340.73,1260,5.09628,373.629,16.3187,30000,109.687,1217,26,0.787561,18.8972,10.8722,1253.87
2000,5,130,120,30000,1340.73,1260,5.09628,349.379,14.9823,30000,108.542,1217,27,0.765449,18.7711,10.7997,1254.8
2000,5,130,130,30000,1340.73,1260,5.09628,330.266,13.732,30000,108.511,1217,27,0.759578,18.7584,10.7923,1254.79
2000,5,130,140,30000,1340.73,1260,5.09628,314.529,12.5368,30000,108.566,1217,28,0.756053,18.6101,10.707,1255.71
2000,5,130,150,30000,1340.73,1260,5.09628,300.866,11.5976,30000,108.541,1217,28,0.752625,18.6353,10.7215,1255.72
2000,5,130,160,30000,1340.73,1260,5.09628,288.846,10.8418,30000,108.517,1217,28,0.750047,18.6405,10.7245,1255.72
2000,5,130,170,30000,1340.73,1260,5.09628,278.187,10.1005,30000,108.536,1217,28,0.747981,18.5003,10.6438,1255.64
2000,5,130,180,30000,1340.73,1260,5.09628,268.468,9.531,30000,108.516,1217,28,0.746185,18.4745,10.629,1255.63
2000,5,140,100,30000,1340.73,1260,5.09628,407.703,18.2207,30000,108.925,1217,26,0.79404,19.018,10.9417,1253.94
2000,5,140,110,30000,1340.73,1260,5.09628,378.542,16.6825,30000,107.933,1217,26,0.774351,18.9284,10.8902,1253.89
2000,5,140,120,30000,1340.73,1260,5.09628,355.769,15.0626,30000,107.734,1217,27,0.765642,18.9565,10.9063,1254.91
2000,5,140,130,30000,1340.73,1260,5.09628,337.387,13.7709,30000,107.852,1217,28,0.761934,18.8184,10.8268,1255.83
2000,5,140,140,30000,1340.73,1260,5.09628,321.57,12.6486,30000,107.866,1217,28,0.758284,18.7555,10.7907,1255.79
2000,5,140,150,30000,1340.73,1260,5.09628,307.743,11.6669,30000,107.873,1217,28,0.755735,18.7257,10.7735,1255.77
2000,5,140,160,30000,1340.73,1260,5.09628,295.651,10.9783,30000,107.887,1217,28,0.753263,18.7294,10.7757,1255.78
2000,5,140,170,30000,1340.73,1260,5.09628,284.612,10.2894,30000,107.892,1217,28,0.751603,18.5852,10.6927,1255.69
2000,5,140,180,30000,1340.73,1260,5.09628,274.561,9.72422,30000,107.824,1217,28,0.749343,18.6191,10.7122,1255.71
2000,5,150,100,30000,1340.73,1260,5.09628,412.756,18.6306,30000,108.009,1217,26,0.789096,19.0782,10.9763,1253.98
2000,5,150,110,30000,1340.73,1260,5.09628,384.652,16.8523,30000,107.211,1217,27,0.770961,18.9919,10.9267,1254.93
2000,5,150,120,30000,1340.73,1260,5.09628,362.782,15.2593,30000,107.248,1217,27,0.766587,18.8989,10.8732,1254.87
2000,5,150,130,30000,1340.73,1260,5.09628,344.331,13.9537,30000,107.349,1217,28,0.763343,18.8786,10.8615,1255.86
2000,5,150,140,30000,1340.73,1260,5.09628,328.271,12.7596,30000,107.386,1217,28,0.760552,18.7636,10.7953,1255.8
2000,5,150,150,30000,1340.73,1260,5.09628,314.45,11.9893,30000,107.404,1217,28,0.75809,18.7355,10.7792,1255.78
2000,5,150,160,30000,1340.73,1260,5.09628,301.885,11.2121,30000,107.405,1217,28,0.756323,18.6698,10.7413,1255.74
2000,5,150,170,30000,1340.73,1260,5.09628,290.559,10.6008,30000,107.372,1217,28,0.753823,18.6727,10.743,1255.74
2000,5,150,180,30000,1340.73,1260,5.09628,280.113,10.1309,30000,107.218,1217,28,0.749854,18.5979,10.7,1255.7
2000,10,50,100,30000,1340.73,1277,5.13861,362.52,16.8334,29994.1,115.7,2466,26,0.762109,18.3441,10.554,2502.55
2000,10,50,110,30000,1340.73,1277,5.13861,332.339,15.3749,29997.7,115.979,2466,26,0.761153,18.279,10.5165,2502.52
2000,10,50,120,30000,1340.73,1277,5.13861,307.383,13.9047,29999.2,116.196,2466,27,0.75953,18.2158,10.4802,2503.48
2000,10,50,130,30000,1340.73,1277,5.13861,286.244,12.7593,29999.6,116.286,2466,27,0.756073,18.1631,10.4498,2503.45
2000,10,50,140,30000,1340.73,1277,5.13861,268.442,11.7552,30000,116.399,2466,28,0.754895,18.0319,10.3743,2504.37
2000,10,50,150,30000,1340.73,1277,5.13861,252.787,10.9392,30000,116.477,2466,28,0.753022,17.9661,10.3365,2504.34
2000,10,50,160,30000,1340.73,1277,5.13861,239.05,10.1706,30000,116.388,2466,28,0.748522,17.9206,10.3103,2504.31
2000,10,50,170,30000,1340.73,1277,5.13861,227.271,9.49044,30000,116.469,2466,28,0.746032,17.8627,10.277,2504.28
2000,10,50,180,30000,1340.73,1277,5.13861,216.868,8.91628,30000,116.464,2466,28,0.743878,17.9545,10.3298,2504.33
2000,10,60,100,30000,1340.73,1277,5.13861,366.187,17.2656,29998.4,114.122,2466,26,0.772334,18.4612,10.6213,2502.62
2000,10,60,110,30000,1340.73,1277,5.13861,336.334,15.4545,29999.2,114.288,2466,26,0.76939,18.3499,10.5573,2502.56
2000,10,60,120,30000,1340.73,1277,5.13861,311.7,14.0588,29999.8,114.529,2466,27,0.767641,18.3676,10.5675,2503.57
2000,10,60,130,30000,1340.73,1277,5.13861,290.483,12.8514,30000,114.476,2466,27,0.762997,18.3685,10.568,2503.57
2000,10,60,140,30000,1340.73,1277,5.13861,272.756,11.8531,30000,114.516,2466,28,0.760274,18.0913,10.4085,2504.41
2000,10,60,150,30000,1340.73,1277,5.13861,257.632,10.9519,30000,114.515,2466,28,0.757271,18.0284,10.3723,2504.37
2000,10,60,160,30000,1340.73,1277,5.13861,244.333,10.0623,30000,114.577,2466,28,0.755523,18.0568,10.3887,2504.39
2000,10,60,170,30000,1340.73,1277,5.13861,232.373,9.47451,30000,114.336,2466,28,0.748667,17.9128,10.3058,2504.31
2000,10,60,180,30000,1340.73,1277,5.13861,222.119,8.86993,30000,114.067,2466,28,0.742323,17.8783,10.286,2504.29
2000,10,70,100,30000,1340.73,1277,5.13861,370.488,17.418,29999.3,112.645,2466,26,0.778726,18.4632,10.6225,2502.62
2000,10,70,110,30000,1340.73,1277,5.13861,340.47,15.5817,29999.9,112.694,2466,26,0.774623,18.48,10.6322,2502.63
2000,10,70,120,30000,1340.73,1277,5.13861,315.928,14.1779,30000,112.8,2466,27,0.770962,18.4093,10.5915,2503.59
2000,10,70,130,30000,1340.73,1277,5.13861,295.565